timestamp	voltage	current	windSpeed	pitchAngle	rpm	temperature	ambientPressure	humidity	accelerationX	accelerationY	accelerationZ	currentSink
7039070	8529	0	0	-100	0	230	101300000	1000	0	0	-1	0
7046523	8526	2	0	-100	0	230	101300000	1000	0	0	-1	0
7059083	8531	0	0	-100	0	230	101300000	1000	0	0	-1	0
7071643	8536	0	0	-100	0	230	101300000	1000	0	0	-1	0
7084203	8527	0	0	-100	0	230	101300000	1000	0	0	-1	0
7096763	8529	0	0	-100	0	230	101300000	1000	0	0	-1	0
7109323	8529	4	0	-100	0	230	101300000	1000	0	0	-1	0
7121883	8527	4	0	-100	0	230	101300000	1000	0	0	-1	0
7134443	8531	0	0	-100	0	230	101300000	1000	0	0	-1	0
7147004	8522	2	0	-100	0	230	101300000	1000	0	0	-1	0
7159563	8532	0	0	-100	0	230	101300000	1000	0	0	-1	0
7172123	8534	0	0	-100	0	230	101300000	1000	0	0	-1	0
7184683	8529	0	0	-100	0	230	101300000	1000	0	0	-1	0
7197243	8534	0	0	-100	0	230	101300000	1000	0	0	-1	0
7209803	8529	0	0	-100	0	230	101300000	1000	0	0	-1	0
7222363	8529	0	0	-100	0	230	101300000	1000	0	0	-1	0
7234923	8527	0	0	-100	0	230	101300000	1000	0	0	-1	0
7247483	8532	0	0	-100	0	230	101300000	1000	0	0	-1	0
7260043	8536	0	0	-100	0	230	101300000	1000	0	0	-1	0
7272603	8531	0	0	-100	0	230	101300000	1000	0	0	-1	0
7285163	8529	2	0	-100	0	230	101300000	1000	0	0	-1	0
7297723	8527	5	0	-100	0	230	101300000	1000	0	0	-1	0
7310283	8524	0	0	-100	0	230	101300000	1000	0	0	-1	0
7322843	8534	0	0	-100	0	230	101300000	1000	0	0	-1	0
7335403	8536	0	0	-100	0	230	101300000	1000	0	0	-1	0
7347963	8524	1	0	-100	0	230	101300000	1000	0	0	-1	0
7706235	8032	600	0	-100	0	230	101300000	1000	0	0	-1	550
7718795	8049	601	0	-100	0	230	101300000	1000	0	0	-1	550
7731355	8044	600	0	-100	0	230	101300000	1000	0	0	-1	550
7743915	8041	601	0	-100	0	230	101300000	1000	0	0	-1	550
7756475	8044	604	0	-100	0	230	101300000	1000	0	0	-1	550
7769035	8034	605	0	-100	0	230	101300000	1000	0	0	-1	550
7781595	8028	599	0	-100	0	230	101300000	1000	0	0	-1	550
7794155	8036	600	0	-100	0	230	101300000	1000	0	0	-1	550
7806715	8049	603	0	-100	0	230	101300000	1000	0	0	-1	550
7819275	8037	599	0	-100	0	230	101300000	1000	0	0	-1	550
7831835	8037	601	0	-100	0	230	101300000	1000	0	0	-1	550
7844395	8037	603	0	-100	0	230	101300000	1000	0	0	-1	550
7856955	8041	601	0	-100	0	230	101300000	1000	0	0	-1	550
7869515	8049	599	0	-100	0	230	101300000	1000	0	0	-1	550
7882075	8049	603	0	-100	0	230	101300000	1000	0	0	-1	550
7894635	8061	601	0	-100	0	230	101300000	1000	0	0	-1	550
7907195	8042	600	0	-100	0	230	101300000	1000	0	0	-1	550
7919755	8039	606	0	-100	0	230	101300000	1000	0	0	-1	550
7932315	8051	606	0	-100	0	230	101300000	1000	0	0	-1	550
7944875	8044	607	0	-100	0	230	101300000	1000	0	0	-1	550
7957435	8049	604	0	-100	0	230	101300000	1000	0	0	-1	550
7969995	8036	600	0	-100	0	230	101300000	1000	0	0	-1	550
7982555	8044	603	0	-100	0	230	101300000	1000	0	0	-1	550
7995115	8048	604	0	-100	0	230	101300000	1000	0	0	-1	550
8007675	8046	603	0	-100	0	230	101300000	1000	0	0	-1	550
8020235	8032	604	0	-100	0	230	101300000	1000	0	0	-1	550
8032795	8041	603	0	-100	0	230	101300000	1000	0	0	-1	550
8045355	8044	605	0	-100	0	230	101300000	1000	0	0	-1	550
8057915	8051	603	0	-100	0	230	101300000	1000	0	0	-1	550
8070475	8039	599	0	-100	0	230	101300000	1000	0	0	-1	550
8083035	8037	602	0	-100	0	230	101300000	1000	0	0	-1	550
8095595	8049	601	0	-100	0	230	101300000	1000	0	0	-1	550
8108155	8039	600	0	-100	0	230	101300000	1000	0	0	-1	550
8120715	8039	600	0	-100	0	230	101300000	1000	0	0	-1	550
8133275	8035	600	0	-100	0	230	101300000	1000	0	0	-1	550
8145835	8047	601	0	-100	0	230	101300000	1000	0	0	-1	550
8158395	8032	603	0	-100	0	230	101300000	1000	0	0	-1	550
8170955	8042	603	0	-100	0	230	101300000	1000	0	0	-1	550
8183515	8037	602	0	-100	0	230	101300000	1000	0	0	-1	550
8196075	8049	601	0	-100	0	230	101300000	1000	0	0	-1	550
8208635	8035	600	0	-100	0	230	101300000	1000	0	0	-1	550
8221195	8040	597	0	-100	0	230	101300000	1000	0	0	-1	550
8233755	8046	595	0	-100	0	230	101300000	1000	0	0	-1	550
8246315	8047	598	0	-100	0	230	101300000	1000	0	0	-1	550
8258875	8036	599	0	-100	0	230	101300000	1000	0	0	-1	550
8271435	8041	598	0	-100	0	230	101300000	1000	0	0	-1	550
8283995	8056	603	0	-100	0	230	101300000	1000	0	0	-1	550
8296555	8049	602	0	-100	0	230	101300000	1000	0	0	-1	550
8309115	8044	601	0	-100	0	230	101300000	1000	0	0	-1	550
8321675	8039	601	0	-100	0	230	101300000	1000	0	0	-1	550
8334235	8042	598	0	-100	0	230	101300000	1000	0	0	-1	550
8346795	8042	603	0	-100	0	230	101300000	1000	0	0	-1	550
8359355	8049	596	0	-100	0	230	101300000	1000	0	0	-1	550
8371915	8051	599	0	-100	0	230	101300000	1000	0	0	-1	550
8384475	8046	603	0	-100	0	230	101300000	1000	0	0	-1	550
8397035	8044	595	0	-100	0	230	101300000	1000	0	0	-1	550
8409595	8042	597	0	-100	0	230	101300000	1000	0	0	-1	550
8422155	8053	604	0	-100	0	230	101300000	1000	0	0	-1	550
8434715	8049	603	0	-100	0	230	101300000	1000	0	0	-1	550
8447275	8051	600	0	-100	0	230	101300000	1000	0	0	-1	550
8459835	8048	604	0	-100	0	230	101300000	1000	0	0	-1	550
8472395	8035	603	0	-100	0	230	101300000	1000	0	0	-1	550
8484955	8039	601	0	-100	0	230	101300000	1000	0	0	-1	550
8497515	8039	603	0	-100	0	230	101300000	1000	0	0	-1	550
8510075	8046	606	0	-100	0	230	101300000	1000	0	0	-1	550
8522635	8036	607	0	-100	0	230	101300000	1000	0	0	-1	550
8535195	8041	604	0	-100	0	230	101300000	1000	0	0	-1	550
8547755	8049	599	0	-100	0	230	101300000	1000	0	0	-1	550
8560315	8035	599	0	-100	0	230	101300000	1000	0	0	-1	550
8572875	8039	601	0	-100	0	230	101300000	1000	0	0	-1	550
8585435	8049	599	0	-100	0	230	101300000	1000	0	0	-1	550
8597995	8049	600	0	-100	0	230	101300000	1000	0	0	-1	550
8610555	8044	599	0	-100	0	230	101300000	1000	0	0	-1	550
8623115	8051	603	0	-100	0	230	101300000	1000	0	0	-1	550
8635675	8060	606	0	-100	0	230	101300000	1000	0	0	-1	550
8660795	8049	597	0	-100	0	230	101300000	1000	0	0	-1	550
8673355	8039	604	0	-100	0	230	101300000	1000	0	0	-1	550
8685915	8053	604	0	-100	0	230	101300000	1000	0	0	-1	550
8698475	8044	603	0	-100	0	230	101300000	1000	0	0	-1	550
8711035	8042	608	0	-100	0	230	101300000	1000	0	0	-1	550
8723595	8046	599	0	-100	0	230	101300000	1000	0	0	-1	550
8736155	8053	604	0	-100	0	230	101300000	1000	0	0	-1	550
8748715	8048	605	0	-100	0	230	101300000	1000	0	0	-1	550
8761275	8047	602	0	-100	0	230	101300000	1000	0	0	-1	550
8773835	8042	601	0	-100	0	230	101300000	1000	0	0	-1	550
8786395	8030	600	0	-100	0	230	101300000	1000	0	0	-1	550
8798955	8060	605	0	-100	0	230	101300000	1000	0	0	-1	550
8811515	8051	599	0	-100	0	230	101300000	1000	0	0	-1	550
8824075	8056	599	0	-100	0	230	101300000	1000	0	0	-1	550
8836635	8039	601	0	-100	0	230	101300000	1000	0	0	-1	550
8849195	8032	601	0	-100	0	230	101300000	1000	0	0	-1	550
8861755	8039	600	0	-100	0	230	101300000	1000	0	0	-1	550
8874315	8054	599	0	-100	0	230	101300000	1000	0	0	-1	550
8886875	8042	597	0	-100	0	230	101300000	1000	0	0	-1	550
8899435	8056	599	0	-100	0	230	101300000	1000	0	0	-1	550
8911995	8046	602	0	-100	0	230	101300000	1000	0	0	-1	550
8924555	8051	601	0	-100	0	230	101300000	1000	0	0	-1	550
8937115	8051	603	0	-100	0	230	101300000	1000	0	0	-1	550
8949675	8046	605	0	-100	0	230	101300000	1000	0	0	-1	550
8962235	8039	607	0	-100	0	230	101300000	1000	0	0	-1	550
8974795	8047	602	0	-100	0	230	101300000	1000	0	0	-1	550
8987355	8032	611	0	-100	0	230	101300000	1000	0	0	-1	550
8999915	8044	604	0	-100	0	230	101300000	1000	0	0	-1	550
9012475	8039	603	0	-100	0	230	101300000	1000	0	0	-1	550
9025035	8046	599	0	-100	0	230	101300000	1000	0	0	-1	550
9037595	8046	603	0	-100	0	230	101300000	1000	0	0	-1	550
9050155	8053	605	0	-100	0	230	101300000	1000	0	0	-1	550
9062715	8043	603	0	-100	0	230	101300000	1000	0	0	-1	550
9075275	8035	603	0	-100	0	230	101300000	1000	0	0	-1	550
9087835	8039	603	0	-100	0	230	101300000	1000	0	0	-1	550
9100395	8044	604	0	-100	0	230	101300000	1000	0	0	-1	550
9112955	8044	603	0	-100	0	230	101300000	1000	0	0	-1	550
9125515	8053	603	0	-100	0	230	101300000	1000	0	0	-1	550
9138075	8046	605	0	-100	0	230	101300000	1000	0	0	-1	550
9150635	8046	602	0	-100	0	230	101300000	1000	0	0	-1	550
9163195	8051	605	0	-100	0	230	101300000	1000	0	0	-1	550
9175755	8028	600	0	-100	0	230	101300000	1000	0	0	-1	550
9188315	8032	602	0	-100	0	230	101300000	1000	0	0	-1	550
9200875	8041	604	0	-100	0	230	101300000	1000	0	0	-1	550
9213435	8044	604	0	-100	0	230	101300000	1000	0	0	-1	550
9225995	8037	580	0	-100	0	230	101300000	1000	0	0	-1	550
9238555	8041	602	0	-100	0	230	101300000	1000	0	0	-1	550
9251115	8044	602	0	-100	0	230	101300000	1000	0	0	-1	550
9263675	8039	606	0	-100	0	230	101300000	1000	0	0	-1	550
9276235	8039	598	0	-100	0	230	101300000	1000	0	0	-1	550
9288795	8047	601	0	-100	0	230	101300000	1000	0	0	-1	550
9301355	8046	603	0	-100	0	230	101300000	1000	0	0	-1	550
9313915	8054	601	0	-100	0	230	101300000	1000	0	0	-1	550
9326475	8049	602	0	-100	0	230	101300000	1000	0	0	-1	550
9339035	8044	608	0	-100	0	230	101300000	1000	0	0	-1	550
9351595	8046	603	0	-100	0	230	101300000	1000	0	0	-1	550
9364155	8046	607	0	-100	0	230	101300000	1000	0	0	-1	550
9376715	8049	600	0	-100	0	230	101300000	1000	0	0	-1	550
9389275	8047	598	0	-100	0	230	101300000	1000	0	0	-1	550
9401835	8044	601	0	-100	0	230	101300000	1000	0	0	-1	550
9414395	8032	599	0	-100	0	230	101300000	1000	0	0	-1	550
9426955	8042	600	0	-100	0	230	101300000	1000	0	0	-1	550
9439515	8044	601	0	-100	0	230	101300000	1000	0	0	-1	550
9452075	8046	604	0	-100	0	230	101300000	1000	0	0	-1	550
9464635	8041	604	0	-100	0	230	101300000	1000	0	0	-1	550
9477195	8043	609	0	-100	0	230	101300000	1000	0	0	-1	550
9489755	8041	603	0	-100	0	230	101300000	1000	0	0	-1	550
9502315	8032	606	0	-100	0	230	101300000	1000	0	0	-1	550
9514875	8042	602	0	-100	0	230	101300000	1000	0	0	-1	550
9527435	8042	585	0	-100	0	230	101300000	1000	0	0	-1	550
9539995	8044	606	0	-100	0	230	101300000	1000	0	0	-1	550
9552555	8037	607	0	-100	0	230	101300000	1000	0	0	-1	550
9565115	8041	604	0	-100	0	230	101300000	1000	0	0	-1	550
9577675	8034	603	0	-100	0	230	101300000	1000	0	0	-1	550
9590235	8044	604	0	-100	0	230	101300000	1000	0	0	-1	550
9602795	8044	605	0	-100	0	230	101300000	1000	0	0	-1	550
9615355	8049	605	0	-100	0	230	101300000	1000	0	0	-1	550
9627915	8044	603	0	-100	0	230	101300000	1000	0	0	-1	550
9640475	8051	587	0	-100	0	230	101300000	1000	0	0	-1	550
9653035	8039	599	0	-100	0	230	101300000	1000	0	0	-1	550
9665595	8037	585	0	-100	0	230	101300000	1000	0	0	-1	550
9678155	8037	599	0	-100	0	230	101300000	1000	0	0	-1	550
9690715	8051	605	0	-100	0	230	101300000	1000	0	0	-1	550
9703275	8046	603	0	-100	0	230	101300000	1000	0	0	-1	550
9715835	8049	603	0	-100	0	230	101300000	1000	0	0	-1	550
9728395	8032	605	0	-100	0	230	101300000	1000	0	0	-1	550
9740955	8047	598	0	-100	0	230	101300000	1000	0	0	-1	550
9753515	8056	599	0	-100	0	230	101300000	1000	0	0	-1	550
9766075	8041	599	0	-100	0	230	101300000	1000	0	0	-1	550
9778635	8056	607	0	-100	0	230	101300000	1000	0	0	-1	550
9791195	8039	602	0	-100	0	230	101300000	1000	0	0	-1	550
9803755	8049	603	0	-100	0	230	101300000	1000	0	0	-1	550
9816315	8044	608	0	-100	0	230	101300000	1000	0	0	-1	550
9828875	8042	599	0	-100	0	230	101300000	1000	0	0	-1	550
9841435	8049	599	0	-100	0	230	101300000	1000	0	0	-1	550
9853995	8050	601	0	-100	0	230	101300000	1000	0	0	-1	550
9866555	8035	600	0	-100	0	230	101300000	1000	0	0	-1	550
9879115	8042	603	0	-100	0	230	101300000	1000	0	0	-1	550
9891675	8051	609	0	-100	0	230	101300000	1000	0	0	-1	550
9904235	8044	601	0	-100	0	230	101300000	1000	0	0	-1	550
9916795	8048	605	0	-100	0	230	101300000	1000	0	0	-1	550
9929355	8049	606	0	-100	0	230	101300000	1000	0	0	-1	550
9941915	8049	604	0	-100	0	230	101300000	1000	0	0	-1	550
9954475	8046	605	0	-100	0	230	101300000	1000	0	0	-1	550
9967035	8042	604	0	-100	0	230	101300000	1000	0	0	-1	550
9979595	8046	605	0	-100	0	230	101300000	1000	0	0	-1	550
9992155	8041	608	0	-100	0	230	101300000	1000	0	0	-1	550
10004715	8049	609	0	-100	0	230	101300000	1000	0	0	-1	550
10017275	8037	603	0	-100	0	230	101300000	1000	0	0	-1	550
10029835	8044	601	0	-100	0	230	101300000	1000	0	0	-1	550
10042395	8056	603	0	-100	0	230	101300000	1000	0	0	-1	550
10054955	8042	602	0	-100	0	230	101300000	1000	0	0	-1	550
10067515	8049	603	0	-100	0	230	101300000	1000	0	0	-1	550
10080075	8052	600	0	-100	0	230	101300000	1000	0	0	-1	550
10092635	8044	597	0	-100	0	230	101300000	1000	0	0	-1	550
10105195	8051	600	0	-100	0	230	101300000	1000	0	0	-1	550
10117755	8049	604	0	-100	0	230	101300000	1000	0	0	-1	550
10130315	8046	603	0	-100	0	230	101300000	1000	0	0	-1	550
10142875	8044	607	0	-100	0	230	101300000	1000	0	0	-1	550
10155435	8044	602	0	-100	0	230	101300000	1000	0	0	-1	550
10167995	8046	605	0	-100	0	230	101300000	1000	0	0	-1	550
10180555	8056	603	0	-100	0	230	101300000	1000	0	0	-1	550
10193115	8058	605	0	-100	0	230	101300000	1000	0	0	-1	550
10205675	8042	602	0	-100	0	230	101300000	1000	0	0	-1	550
10218235	8054	604	0	-100	0	230	101300000	1000	0	0	-1	550
10230795	8056	600	0	-100	0	230	101300000	1000	0	0	-1	550
10243355	8053	602	0	-100	0	230	101300000	1000	0	0	-1	550
10255915	8037	605	0	-100	0	230	101300000	1000	0	0	-1	550
10268475	8049	608	0	-100	0	230	101300000	1000	0	0	-1	550
10281035	8046	603	0	-100	0	230	101300000	1000	0	0	-1	550
10293595	8051	605	0	-100	0	230	101300000	1000	0	0	-1	550
10306155	8042	608	0	-100	0	230	101300000	1000	0	0	-1	550
10318715	8056	601	0	-100	0	230	101300000	1000	0	0	-1	550
10331275	8030	603	0	-100	0	230	101300000	1000	0	0	-1	550
10343835	8039	603	0	-100	0	230	101300000	1000	0	0	-1	550
10356395	8054	603	0	-100	0	230	101300000	1000	0	0	-1	550
10368955	8035	598	0	-100	0	230	101300000	1000	0	0	-1	550
10381515	8046	602	0	-100	0	230	101300000	1000	0	0	-1	550
10394075	8039	602	0	-100	0	230	101300000	1000	0	0	-1	550
10406635	8044	601	0	-100	0	230	101300000	1000	0	0	-1	550
10419195	8037	601	0	-100	0	230	101300000	1000	0	0	-1	550
10431755	8051	606	0	-100	0	230	101300000	1000	0	0	-1	550
10444315	8049	591	0	-100	0	230	101300000	1000	0	0	-1	550
10456875	8053	600	0	-100	0	230	101300000	1000	0	0	-1	550
10469435	8043	604	0	-100	0	230	101300000	1000	0	0	-1	550
10481995	8051	607	0	-100	0	230	101300000	1000	0	0	-1	550
10494555	8054	599	0	-100	0	230	101300000	1000	0	0	-1	550
10507115	8046	600	0	-100	0	230	101300000	1000	0	0	-1	550
10519675	8039	602	0	-100	0	230	101300000	1000	0	0	-1	550
10532235	8051	607	0	-100	0	230	101300000	1000	0	0	-1	550
10544795	8046	602	0	-100	0	230	101300000	1000	0	0	-1	550
10557355	8032	579	0	-100	0	230	101300000	1000	0	0	-1	550
10569915	8046	600	0	-100	0	230	101300000	1000	0	0	-1	550
10582475	8036	602	0	-100	0	230	101300000	1000	0	0	-1	550
10595035	8049	601	0	-100	0	230	101300000	1000	0	0	-1	550
10607595	8049	606	0	-100	0	230	101300000	1000	0	0	-1	550
10620155	8035	602	0	-100	0	230	101300000	1000	0	0	-1	550
10632715	8034	606	0	-100	0	230	101300000	1000	0	0	-1	550
10645275	8041	603	0	-100	0	230	101300000	1000	0	0	-1	550
10657835	8039	603	0	-100	0	230	101300000	1000	0	0	-1	550
10670395	8044	601	0	-100	0	230	101300000	1000	0	0	-1	550
10682955	8047	598	0	-100	0	230	101300000	1000	0	0	-1	550
10695515	8039	598	0	-100	0	230	101300000	1000	0	0	-1	550
10708075	8049	602	0	-100	0	230	101300000	1000	0	0	-1	550
10720635	8046	603	0	-100	0	230	101300000	1000	0	0	-1	550
10733195	8044	602	0	-100	0	230	101300000	1000	0	0	-1	550
10745755	8049	603	0	-100	0	230	101300000	1000	0	0	-1	550
10758315	8051	602	0	-100	0	230	101300000	1000	0	0	-1	550
10770875	8054	603	0	-100	0	230	101300000	1000	0	0	-1	550
10783435	8046	599	0	-100	0	230	101300000	1000	0	0	-1	550
10795995	8041	604	0	-100	0	230	101300000	1000	0	0	-1	550
10808555	8029	604	0	-100	0	230	101300000	1000	0	0	-1	550
10821115	8046	602	0	-100	0	230	101300000	1000	0	0	-1	550
10833675	8044	607	0	-100	0	230	101300000	1000	0	0	-1	550
10846235	8036	604	0	-100	0	230	101300000	1000	0	0	-1	550
10858795	8044	605	0	-100	0	230	101300000	1000	0	0	-1	550
10871355	8039	603	0	-100	0	230	101300000	1000	0	0	-1	550
10883915	8037	602	0	-100	0	230	101300000	1000	0	0	-1	550
10896475	8049	599	0	-100	0	230	101300000	1000	0	0	-1	550
10909035	8049	604	0	-100	0	230	101300000	1000	0	0	-1	550
10921595	8046	604	0	-100	0	230	101300000	1000	0	0	-1	550
10934155	8042	606	0	-100	0	230	101300000	1000	0	0	-1	550
10946715	8056	602	0	-100	0	230	101300000	1000	0	0	-1	550
10959275	8058	605	0	-100	0	230	101300000	1000	0	0	-1	550
10971835	8046	604	0	-100	0	230	101300000	1000	0	0	-1	550
10984395	8037	606	0	-100	0	230	101300000	1000	0	0	-1	550
10996955	8063	603	0	-100	0	230	101300000	1000	0	0	-1	550
11009515	8051	605	0	-100	0	230	101300000	1000	0	0	-1	550
11022075	8044	602	0	-100	0	230	101300000	1000	0	0	-1	550
11034635	8037	599	0	-100	0	230	101300000	1000	0	0	-1	550
11047195	8046	602	0	-100	0	230	101300000	1000	0	0	-1	550
11059755	8057	601	0	-100	0	230	101300000	1000	0	0	-1	550
11072315	8049	606	0	-100	0	230	101300000	1000	0	0	-1	550
11084875	8049	603	0	-100	0	230	101300000	1000	0	0	-1	550
11097435	8046	598	0	-100	0	230	101300000	1000	0	0	-1	550
11109995	8057	605	0	-100	0	230	101300000	1000	0	0	-1	550
11122555	8060	606	0	-100	0	230	101300000	1000	0	0	-1	550
11135115	8049	592	0	-100	0	230	101300000	1000	0	0	-1	550
11147675	8044	609	0	-100	0	230	101300000	1000	0	0	-1	550
11160235	8044	602	0	-100	0	230	101300000	1000	0	0	-1	550
11172795	8051	602	0	-100	0	230	101300000	1000	0	0	-1	550
11185355	8034	606	0	-100	0	230	101300000	1000	0	0	-1	550
11197915	8047	601	0	-100	0	230	101300000	1000	0	0	-1	550
11210475	8046	601	0	-100	0	230	101300000	1000	0	0	-1	550
11223035	8056	604	0	-100	0	230	101300000	1000	0	0	-1	550
11235595	8042	602	0	-100	0	230	101300000	1000	0	0	-1	550
11248155	8046	608	0	-100	0	230	101300000	1000	0	0	-1	550
11260715	8044	606	0	-100	0	230	101300000	1000	0	0	-1	550
11273275	8041	602	0	-100	0	230	101300000	1000	0	0	-1	550
11285835	8049	603	0	-100	0	230	101300000	1000	0	0	-1	550
11298395	8046	602	0	-100	0	230	101300000	1000	0	0	-1	550
11310955	8034	602	0	-100	0	230	101300000	1000	0	0	-1	550
11323515	8053	600	0	-100	0	230	101300000	1000	0	0	-1	550
11336075	8047	602	0	-100	0	230	101300000	1000	0	0	-1	550
11348635	8047	600	0	-100	0	230	101300000	1000	0	0	-1	550
11361195	8049	602	0	-100	0	230	101300000	1000	0	0	-1	550
11373755	8054	600	0	-100	0	230	101300000	1000	0	0	-1	550
11386315	8054	601	0	-100	0	230	101300000	1000	0	0	-1	550
11398875	8049	605	0	-100	0	230	101300000	1000	0	0	-1	550
11411435	8037	604	0	-100	0	230	101300000	1000	0	0	-1	550
11423995	8042	603	0	-100	0	230	101300000	1000	0	0	-1	550
11436555	8037	603	0	-100	0	230	101300000	1000	0	0	-1	550
11449115	8042	602	0	-100	0	230	101300000	1000	0	0	-1	550
11461675	8056	602	0	-100	0	230	101300000	1000	0	0	-1	550
11474235	8049	606	0	-100	0	230	101300000	1000	0	0	-1	550
11486795	8059	603	0	-100	0	230	101300000	1000	0	0	-1	550
11499355	8044	603	0	-100	0	230	101300000	1000	0	0	-1	550
11511915	8044	604	0	-100	0	230	101300000	1000	0	0	-1	550
11524475	8056	604	0	-100	0	230	101300000	1000	0	0	-1	550
11537035	8063	607	0	-100	0	230	101300000	1000	0	0	-1	550
11549595	8056	604	0	-100	0	230	101300000	1000	0	0	-1	550
11562155	8049	606	0	-100	0	230	101300000	1000	0	0	-1	550
11574715	8036	608	0	-100	0	230	101300000	1000	0	0	-1	550
11587275	8049	599	0	-100	0	230	101300000	1000	0	0	-1	550
11599835	8042	602	0	-100	0	230	101300000	1000	0	0	-1	550
11612395	8051	603	0	-100	0	230	101300000	1000	0	0	-1	550
11624955	8059	600	0	-100	0	230	101300000	1000	0	0	-1	550
11637515	8046	599	0	-100	0	230	101300000	1000	0	0	-1	550
11650075	8042	603	0	-100	0	230	101300000	1000	0	0	-1	550
11662635	8056	602	0	-100	0	230	101300000	1000	0	0	-1	550
11675195	8047	583	0	-100	0	230	101300000	1000	0	0	-1	550
11687755	8063	603	0	-100	0	230	101300000	1000	0	0	-1	550
11700315	8049	597	0	-100	0	230	101300000	1000	0	0	-1	550
11712875	8040	600	0	-100	0	230	101300000	1000	0	0	-1	550
11725435	8058	603	0	-100	0	230	101300000	1000	0	0	-1	550
11737995	8056	603	0	-100	0	230	101300000	1000	0	0	-1	550
11750555	8049	602	0	-100	0	230	101300000	1000	0	0	-1	550
11763115	8044	601	0	-100	0	230	101300000	1000	0	0	-1	550
11775675	8053	606	0	-100	0	230	101300000	1000	0	0	-1	550
11788235	8044	605	0	-100	0	230	101300000	1000	0	0	-1	550
11800795	8046	603	0	-100	0	230	101300000	1000	0	0	-1	550
11813355	8048	604	0	-100	0	230	101300000	1000	0	0	-1	550
11825915	8053	603	0	-100	0	230	101300000	1000	0	0	-1	550
11838475	8037	602	0	-100	0	230	101300000	1000	0	0	-1	550
11851035	8058	603	0	-100	0	230	101300000	1000	0	0	-1	550
11863595	8039	602	0	-100	0	230	101300000	1000	0	0	-1	550
11876155	8051	604	0	-100	0	230	101300000	1000	0	0	-1	550
11888715	8046	608	0	-100	0	230	101300000	1000	0	0	-1	550
11901275	8053	601	0	-100	0	230	101300000	1000	0	0	-1	550
11913835	8041	600	0	-100	0	230	101300000	1000	0	0	-1	550
11926395	8060	605	0	-100	0	230	101300000	1000	0	0	-1	550
11938955	8066	603	0	-100	0	230	101300000	1000	0	0	-1	550
11951515	8054	597	0	-100	0	230	101300000	1000	0	0	-1	550
11964075	8049	602	0	-100	0	230	101300000	1000	0	0	-1	550
11976635	8048	605	0	-100	0	230	101300000	1000	0	0	-1	550
11989195	8046	604	0	-100	0	230	101300000	1000	0	0	-1	550
12001755	8048	604	0	-100	0	230	101300000	1000	0	0	-1	550
12014315	8041	604	0	-100	0	230	101300000	1000	0	0	-1	550
12026875	8056	602	0	-100	0	230	101300000	1000	0	0	-1	550
12039435	8049	596	0	-100	0	230	101300000	1000	0	0	-1	550
12051995	8047	607	0	-100	0	230	101300000	1000	0	0	-1	550
12064555	8049	605	0	-100	0	230	101300000	1000	0	0	-1	550
12077115	8058	600	0	-100	0	230	101300000	1000	0	0	-1	550
12089675	8051	599	0	-100	0	230	101300000	1000	0	0	-1	550
12102235	8047	603	0	-100	0	230	101300000	1000	0	0	-1	550
12114795	8044	602	0	-100	0	230	101300000	1000	0	0	-1	550
12127355	8032	602	0	-100	0	230	101300000	1000	0	0	-1	550
12139915	8039	603	0	-100	0	230	101300000	1000	0	0	-1	550
12152475	8044	605	0	-100	0	230	101300000	1000	0	0	-1	550
12165035	8048	606	0	-100	0	230	101300000	1000	0	0	-1	550
12177595	8051	602	0	-100	0	230	101300000	1000	0	0	-1	550
12190155	8056	601	0	-100	0	230	101300000	1000	0	0	-1	550
12202715	8051	602	0	-100	0	230	101300000	1000	0	0	-1	550
12215275	8044	602	0	-100	0	230	101300000	1000	0	0	-1	550
12227835	8049	604	0	-100	0	230	101300000	1000	0	0	-1	550
12240395	8046	606	0	-100	0	230	101300000	1000	0	0	-1	550
12252955	8056	605	0	-100	0	230	101300000	1000	0	0	-1	550
12265515	8041	607	0	-100	0	230	101300000	1000	0	0	-1	550
12278075	8044	605	0	-100	0	230	101300000	1000	0	0	-1	550
12290635	8053	604	0	-100	0	230	101300000	1000	0	0	-1	550
12303195	8054	603	0	-100	0	230	101300000	1000	0	0	-1	550
12315755	8053	600	0	-100	0	230	101300000	1000	0	0	-1	550
12328315	8041	604	0	-100	0	230	101300000	1000	0	0	-1	550
12340875	8039	605	0	-100	0	230	101300000	1000	0	0	-1	550
12353435	8049	605	0	-100	0	230	101300000	1000	0	0	-1	550
12365995	8054	605	0	-100	0	230	101300000	1000	0	0	-1	550
12378555	8056	602	0	-100	0	230	101300000	1000	0	0	-1	550
12391115	8043	605	0	-100	0	230	101300000	1000	0	0	-1	550
12403675	8043	604	0	-100	0	230	101300000	1000	0	0	-1	550
12416235	8041	602	0	-100	0	230	101300000	1000	0	0	-1	550
12428795	8056	599	0	-100	0	230	101300000	1000	0	0	-1	550
12441355	8056	603	0	-100	0	230	101300000	1000	0	0	-1	550
12453915	8042	602	0	-100	0	230	101300000	1000	0	0	-1	550
12466475	8044	607	0	-100	0	230	101300000	1000	0	0	-1	550
12479035	8051	604	0	-100	0	230	101300000	1000	0	0	-1	550
12491595	8049	605	0	-100	0	230	101300000	1000	0	0	-1	550
12504155	8056	604	0	-100	0	230	101300000	1000	0	0	-1	550
12516715	8051	602	0	-100	0	230	101300000	1000	0	0	-1	550
12529275	8049	608	0	-100	0	230	101300000	1000	0	0	-1	550
12541835	8041	603	0	-100	0	230	101300000	1000	0	0	-1	550
12554395	8044	603	0	-100	0	230	101300000	1000	0	0	-1	550
12566955	8047	603	0	-100	0	230	101300000	1000	0	0	-1	550
12579515	8054	599	0	-100	0	230	101300000	1000	0	0	-1	550
12592075	8046	605	0	-100	0	230	101300000	1000	0	0	-1	550
12604635	8059	606	0	-100	0	230	101300000	1000	0	0	-1	550
12617195	8042	603	0	-100	0	230	101300000	1000	0	0	-1	550
12629755	8042	606	0	-100	0	230	101300000	1000	0	0	-1	550
12642315	8044	602	0	-100	0	230	101300000	1000	0	0	-1	550
12654875	8051	603	0	-100	0	230	101300000	1000	0	0	-1	550
12667435	8056	608	0	-100	0	230	101300000	1000	0	0	-1	550
12679995	8051	604	0	-100	0	230	101300000	1000	0	0	-1	550
12692555	8034	603	0	-100	0	230	101300000	1000	0	0	-1	550
12705115	8049	601	0	-100	0	230	101300000	1000	0	0	-1	550
12717675	8058	603	0	-100	0	230	101300000	1000	0	0	-1	550
12730235	8056	605	0	-100	0	230	101300000	1000	0	0	-1	550
12742795	8049	603	0	-100	0	230	101300000	1000	0	0	-1	550
12755355	8049	606	0	-100	0	230	101300000	1000	0	0	-1	550
12767915	8046	604	0	-100	0	230	101300000	1000	0	0	-1	550
12780475	8044	607	0	-100	0	230	101300000	1000	0	0	-1	550
12793035	8049	603	0	-100	0	230	101300000	1000	0	0	-1	550
12805595	8039	604	0	-100	0	230	101300000	1000	0	0	-1	550
12818155	8044	605	0	-100	0	230	101300000	1000	0	0	-1	550
12830715	8044	601	0	-100	0	230	101300000	1000	0	0	-1	550
12843275	8046	608	0	-100	0	230	101300000	1000	0	0	-1	550
12855835	8053	608	0	-100	0	230	101300000	1000	0	0	-1	550
12868395	8051	605	0	-100	0	230	101300000	1000	0	0	-1	550
12880955	8044	606	0	-100	0	230	101300000	1000	0	0	-1	550
12893515	8046	603	0	-100	0	230	101300000	1000	0	0	-1	550
12906075	8056	607	0	-100	0	230	101300000	1000	0	0	-1	550
12918635	8056	608	0	-100	0	230	101300000	1000	0	0	-1	550
12931195	8060	608	0	-100	0	230	101300000	1000	0	0	-1	550
12943755	8049	606	0	-100	0	230	101300000	1000	0	0	-1	550
12956315	8042	599	0	-100	0	230	101300000	1000	0	0	-1	550
12968875	8039	603	0	-100	0	230	101300000	1000	0	0	-1	550
12981435	8035	606	0	-100	0	230	101300000	1000	0	0	-1	550
12993995	8051	602	0	-100	0	230	101300000	1000	0	0	-1	550
13006555	8048	605	0	-100	0	230	101300000	1000	0	0	-1	550
13019115	8044	607	0	-100	0	230	101300000	1000	0	0	-1	550
13031675	8046	604	0	-100	0	230	101300000	1000	0	0	-1	550
13044235	8052	602	0	-100	0	230	101300000	1000	0	0	-1	550
13056795	8056	603	0	-100	0	230	101300000	1000	0	0	-1	550
13069355	8042	603	0	-100	0	230	101300000	1000	0	0	-1	550
13081915	8056	603	0	-100	0	230	101300000	1000	0	0	-1	550
13094475	8042	601	0	-100	0	230	101300000	1000	0	0	-1	550
13107035	8051	603	0	-100	0	230	101300000	1000	0	0	-1	550
13119595	8056	599	0	-100	0	230	101300000	1000	0	0	-1	550
13132155	8053	606	0	-100	0	230	101300000	1000	0	0	-1	550
13144715	8063	605	0	-100	0	230	101300000	1000	0	0	-1	550
13157275	8042	604	0	-100	0	230	101300000	1000	0	0	-1	550
13169835	8029	602	0	-100	0	230	101300000	1000	0	0	-1	550
13182395	8044	600	0	-100	0	230	101300000	1000	0	0	-1	550
13194955	8039	600	0	-100	0	230	101300000	1000	0	0	-1	550
13207515	8042	604	0	-100	0	230	101300000	1000	0	0	-1	550
13220075	8041	603	0	-100	0	230	101300000	1000	0	0	-1	550
13232635	8047	600	0	-100	0	230	101300000	1000	0	0	-1	550
13245195	8061	603	0	-100	0	230	101300000	1000	0	0	-1	550
13257755	8070	606	0	-100	0	230	101300000	1000	0	0	-1	550
13270315	8047	599	0	-100	0	230	101300000	1000	0	0	-1	550
13282875	8042	603	0	-100	0	230	101300000	1000	0	0	-1	550
13295435	8042	603	0	-100	0	230	101300000	1000	0	0	-1	550
13307995	8041	603	0	-100	0	230	101300000	1000	0	0	-1	550
13320555	8035	603	0	-100	0	230	101300000	1000	0	0	-1	550
13333115	8044	605	0	-100	0	230	101300000	1000	0	0	-1	550
13345675	8039	603	0	-100	0	230	101300000	1000	0	0	-1	550
13358235	8043	604	0	-100	0	230	101300000	1000	0	0	-1	550
13370795	8059	601	0	-100	0	230	101300000	1000	0	0	-1	550
13383355	8046	598	0	-100	0	230	101300000	1000	0	0	-1	550
13395915	8049	601	0	-100	0	230	101300000	1000	0	0	-1	550
13408475	8034	609	0	-100	0	230	101300000	1000	0	0	-1	550
13421035	8049	603	0	-100	0	230	101300000	1000	0	0	-1	550
13433595	8058	607	0	-100	0	230	101300000	1000	0	0	-1	550
13446155	8046	609	0	-100	0	230	101300000	1000	0	0	-1	550
13458715	8044	606	0	-100	0	230	101300000	1000	0	0	-1	550
13471275	8051	603	0	-100	0	230	101300000	1000	0	0	-1	550
13483835	8046	604	0	-100	0	230	101300000	1000	0	0	-1	550
13496395	8051	599	0	-100	0	230	101300000	1000	0	0	-1	550
13508955	8047	607	0	-100	0	230	101300000	1000	0	0	-1	550
13521515	8053	604	0	-100	0	230	101300000	1000	0	0	-1	550
13534075	8041	604	0	-100	0	230	101300000	1000	0	0	-1	550
13546635	8051	607	0	-100	0	230	101300000	1000	0	0	-1	550
13559195	8046	600	0	-100	0	230	101300000	1000	0	0	-1	550
13571755	8056	606	0	-100	0	230	101300000	1000	0	0	-1	550
13584315	8056	600	0	-100	0	230	101300000	1000	0	0	-1	550
13596875	8042	599	0	-100	0	230	101300000	1000	0	0	-1	550
13609435	8051	604	0	-100	0	230	101300000	1000	0	0	-1	550
13621995	8056	606	0	-100	0	230	101300000	1000	0	0	-1	550
13634555	8051	602	0	-100	0	230	101300000	1000	0	0	-1	550
13647115	8054	603	0	-100	0	230	101300000	1000	0	0	-1	550
13659675	8046	604	0	-100	0	230	101300000	1000	0	0	-1	550
13672235	8046	604	0	-100	0	230	101300000	1000	0	0	-1	550
13684795	8046	600	0	-100	0	230	101300000	1000	0	0	-1	550
13697355	8054	599	0	-100	0	230	101300000	1000	0	0	-1	550
13709915	8049	602	0	-100	0	230	101300000	1000	0	0	-1	550
13722475	8049	603	0	-100	0	230	101300000	1000	0	0	-1	550
13735035	8032	605	0	-100	0	230	101300000	1000	0	0	-1	550
13747595	8056	605	0	-100	0	230	101300000	1000	0	0	-1	550
13760155	8037	610	0	-100	0	230	101300000	1000	0	0	-1	550
13772715	8044	601	0	-100	0	230	101300000	1000	0	0	-1	550
13785275	8042	601	0	-100	0	230	101300000	1000	0	0	-1	550
13797835	8046	606	0	-100	0	230	101300000	1000	0	0	-1	550
13810395	8046	603	0	-100	0	230	101300000	1000	0	0	-1	550
13822955	8051	606	0	-100	0	230	101300000	1000	0	0	-1	550
13835515	8044	605	0	-100	0	230	101300000	1000	0	0	-1	550
13848075	8046	609	0	-100	0	230	101300000	1000	0	0	-1	550
13860635	8042	607	0	-100	0	230	101300000	1000	0	0	-1	550
13873195	8044	604	0	-100	0	230	101300000	1000	0	0	-1	550
13885755	8053	605	0	-100	0	230	101300000	1000	0	0	-1	550
13898315	8046	602	0	-100	0	230	101300000	1000	0	0	-1	550
13910875	8068	603	0	-100	0	230	101300000	1000	0	0	-1	550
13923435	8054	603	0	-100	0	230	101300000	1000	0	0	-1	550
13935995	8047	606	0	-100	0	230	101300000	1000	0	0	-1	550
13948555	8049	601	0	-100	0	230	101300000	1000	0	0	-1	550
13961115	8042	599	0	-100	0	230	101300000	1000	0	0	-1	550
13973675	8053	603	0	-100	0	230	101300000	1000	0	0	-1	550
13986235	8054	606	0	-100	0	230	101300000	1000	0	0	-1	550
13998795	8037	605	0	-100	0	230	101300000	1000	0	0	-1	550
14011355	8044	606	0	-100	0	230	101300000	1000	0	0	-1	550
14023915	8044	602	0	-100	0	230	101300000	1000	0	0	-1	550
14036475	8041	605	0	-100	0	230	101300000	1000	0	0	-1	550
14049035	8049	606	0	-100	0	230	101300000	1000	0	0	-1	550
14061595	8044	602	0	-100	0	230	101300000	1000	0	0	-1	550
14074155	8053	606	0	-100	0	230	101300000	1000	0	0	-1	550
14086715	8047	598	0	-100	0	230	101300000	1000	0	0	-1	550
14099275	8039	598	0	-100	0	230	101300000	1000	0	0	-1	550
14111835	8044	604	0	-100	0	230	101300000	1000	0	0	-1	550
14124395	8054	605	0	-100	0	230	101300000	1000	0	0	-1	550
14136955	8048	604	0	-100	0	230	101300000	1000	0	0	-1	550
14149515	8039	600	0	-100	0	230	101300000	1000	0	0	-1	550
14162075	8039	605	0	-100	0	230	101300000	1000	0	0	-1	550
14174635	8044	604	0	-100	0	230	101300000	1000	0	0	-1	550
14187195	8049	601	0	-100	0	230	101300000	1000	0	0	-1	550
14199755	8036	603	0	-100	0	230	101300000	1000	0	0	-1	550
14212315	8056	603	0	-100	0	230	101300000	1000	0	0	-1	550
14224875	8037	599	0	-100	0	230	101300000	1000	0	0	-1	550
14237435	8035	609	0	-100	0	230	101300000	1000	0	0	-1	550
14249995	8046	598	0	-100	0	230	101300000	1000	0	0	-1	550
14262555	8056	605	0	-100	0	230	101300000	1000	0	0	-1	550
14275115	8042	606	0	-100	0	230	101300000	1000	0	0	-1	550
14287675	8041	606	0	-100	0	230	101300000	1000	0	0	-1	550
14300235	8056	601	0	-100	0	230	101300000	1000	0	0	-1	550
14312795	8042	604	0	-100	0	230	101300000	1000	0	0	-1	550
14325355	8054	602	0	-100	0	230	101300000	1000	0	0	-1	550
14337915	8051	607	0	-100	0	230	101300000	1000	0	0	-1	550
14350475	8044	607	0	-100	0	230	101300000	1000	0	0	-1	550
14363035	8044	608	0	-100	0	230	101300000	1000	0	0	-1	550
14375595	8053	604	0	-100	0	230	101300000	1000	0	0	-1	550
14388155	8044	599	0	-100	0	230	101300000	1000	0	0	-1	550
14400715	8044	602	0	-100	0	230	101300000	1000	0	0	-1	550
14413275	8041	608	0	-100	0	230	101300000	1000	0	0	-1	550
14425835	8046	604	0	-100	0	230	101300000	1000	0	0	-1	550
14438395	8063	604	0	-100	0	230	101300000	1000	0	0	-1	550
14450955	8047	608	0	-100	0	230	101300000	1000	0	0	-1	550
14463515	8041	609	0	-100	0	230	101300000	1000	0	0	-1	550
14476075	8051	602	0	-100	0	230	101300000	1000	0	0	-1	550
14488635	8051	606	0	-100	0	230	101300000	1000	0	0	-1	550
14501195	8044	601	0	-100	0	230	101300000	1000	0	0	-1	550
14538875	8035	604	0	-100	0	230	101300000	1000	0	0	-1	550
14551435	8058	606	0	-100	0	230	101300000	1000	0	0	-1	550
14563995	8042	607	0	-100	0	230	101300000	1000	0	0	-1	550
14576555	8046	601	0	-100	0	230	101300000	1000	0	0	-1	550
14589115	8039	605	0	-100	0	230	101300000	1000	0	0	-1	550
14601675	8042	603	0	-100	0	230	101300000	1000	0	0	-1	550
14614235	8051	602	0	-100	0	230	101300000	1000	0	0	-1	550
14626795	8049	606	0	-100	0	230	101300000	1000	0	0	-1	550
14639355	8037	607	0	-100	0	230	101300000	1000	0	0	-1	550
14651915	8037	607	0	-100	0	230	101300000	1000	0	0	-1	550
14664475	8044	604	0	-100	0	230	101300000	1000	0	0	-1	550
14677035	8046	604	0	-100	0	230	101300000	1000	0	0	-1	550
14689595	8042	606	0	-100	0	230	101300000	1000	0	0	-1	550
14702155	8063	605	0	-100	0	230	101300000	1000	0	0	-1	550
14714715	8051	600	0	-100	0	230	101300000	1000	0	0	-1	550
14727275	8046	601	0	-100	0	230	101300000	1000	0	0	-1	550
14739835	8044	602	0	-100	0	230	101300000	1000	0	0	-1	550
14752395	8036	606	0	-100	0	230	101300000	1000	0	0	-1	550
14764955	8037	600	0	-100	0	230	101300000	1000	0	0	-1	550
14777515	8049	600	0	-100	0	230	101300000	1000	0	0	-1	550
14790075	8051	602	0	-100	0	230	101300000	1000	0	0	-1	550
14802635	8058	606	0	-100	0	230	101300000	1000	0	0	-1	550
14815195	8044	606	0	-100	0	230	101300000	1000	0	0	-1	550
14827755	8060	605	0	-100	0	230	101300000	1000	0	0	-1	550
14840315	8051	602	0	-100	0	230	101300000	1000	0	0	-1	550
14852875	8044	600	0	-100	0	230	101300000	1000	0	0	-1	550
14865435	8049	603	0	-100	0	230	101300000	1000	0	0	-1	550
14877995	8041	606	0	-100	0	230	101300000	1000	0	0	-1	550
14890555	8035	607	0	-100	0	230	101300000	1000	0	0	-1	550
14903115	8051	605	0	-100	0	230	101300000	1000	0	0	-1	550
14915675	8041	604	0	-100	0	230	101300000	1000	0	0	-1	550
14928235	8059	606	0	-100	0	230	101300000	1000	0	0	-1	550
14940795	8046	608	0	-100	0	230	101300000	1000	0	0	-1	550
14953355	8041	603	0	-100	0	230	101300000	1000	0	0	-1	550
14965915	8045	607	0	-100	0	230	101300000	1000	0	0	-1	550
14978475	8046	609	0	-100	0	230	101300000	1000	0	0	-1	550
14991035	8048	606	0	-100	0	230	101300000	1000	0	0	-1	550
15003595	8044	603	0	-100	0	230	101300000	1000	0	0	-1	550
15016155	8046	608	0	-100	0	230	101300000	1000	0	0	-1	550
15028715	8037	605	0	-100	0	230	101300000	1000	0	0	-1	550
15041275	8061	605	0	-100	0	230	101300000	1000	0	0	-1	550
15053835	8044	601	0	-100	0	230	101300000	1000	0	0	-1	550
15066395	8046	603	0	-100	0	230	101300000	1000	0	0	-1	550
15078955	8044	600	0	-100	0	230	101300000	1000	0	0	-1	550
15091515	8047	601	0	-100	0	230	101300000	1000	0	0	-1	550
15104075	8051	604	0	-100	0	230	101300000	1000	0	0	-1	550
15116635	8049	606	0	-100	0	230	101300000	1000	0	0	-1	550
15129195	8039	603	0	-100	0	230	101300000	1000	0	0	-1	550
15141755	8049	603	0	-100	0	230	101300000	1000	0	0	-1	550
15154315	8044	604	0	-100	0	230	101300000	1000	0	0	-1	550
15166875	8040	604	0	-100	0	230	101300000	1000	0	0	-1	550
15179435	8042	609	0	-100	0	230	101300000	1000	0	0	-1	550
15191995	8042	604	0	-100	0	230	101300000	1000	0	0	-1	550
15204555	8032	603	0	-100	0	230	101300000	1000	0	0	-1	550
15217115	8032	603	0	-100	0	230	101300000	1000	0	0	-1	550
15229675	8040	605	0	-100	0	230	101300000	1000	0	0	-1	550
15242235	8049	607	0	-100	0	230	101300000	1000	0	0	-1	550
15254795	8047	604	0	-100	0	230	101300000	1000	0	0	-1	550
15267355	8058	606	0	-100	0	230	101300000	1000	0	0	-1	550
15279915	8039	602	0	-100	0	230	101300000	1000	0	0	-1	550
15292475	8049	602	0	-100	0	230	101300000	1000	0	0	-1	550
15305035	8037	606	0	-100	0	230	101300000	1000	0	0	-1	550
15317595	8046	607	0	-100	0	230	101300000	1000	0	0	-1	550
15330155	8051	607	0	-100	0	230	101300000	1000	0	0	-1	550
15342715	8042	608	0	-100	0	230	101300000	1000	0	0	-1	550
15355275	8051	608	0	-100	0	230	101300000	1000	0	0	-1	550
15367835	8049	603	0	-100	0	230	101300000	1000	0	0	-1	550
15380395	8035	604	0	-100	0	230	101300000	1000	0	0	-1	550
15392955	8046	602	0	-100	0	230	101300000	1000	0	0	-1	550
15405515	8042	608	0	-100	0	230	101300000	1000	0	0	-1	550
15418075	8046	604	0	-100	0	230	101300000	1000	0	0	-1	550
15430635	8041	605	0	-100	0	230	101300000	1000	0	0	-1	550
15443195	8056	607	0	-100	0	230	101300000	1000	0	0	-1	550
15455755	8054	602	0	-100	0	230	101300000	1000	0	0	-1	550
15468315	8044	602	0	-100	0	230	101300000	1000	0	0	-1	550
15480875	8044	602	0	-100	0	230	101300000	1000	0	0	-1	550
15493435	8049	601	0	-100	0	230	101300000	1000	0	0	-1	550
15505995	8039	602	0	-100	0	230	101300000	1000	0	0	-1	550
15518555	8041	604	0	-100	0	230	101300000	1000	0	0	-1	550
15531115	8039	602	0	-100	0	230	101300000	1000	0	0	-1	550
15543675	8056	602	0	-100	0	230	101300000	1000	0	0	-1	550
15556235	8041	607	0	-100	0	230	101300000	1000	0	0	-1	550
15568795	8043	611	0	-100	0	230	101300000	1000	0	0	-1	550
15581355	8042	602	0	-100	0	230	101300000	1000	0	0	-1	550
15593915	8051	599	0	-100	0	230	101300000	1000	0	0	-1	550
15606475	8051	604	0	-100	0	230	101300000	1000	0	0	-1	550
15619035	8051	603	0	-100	0	230	101300000	1000	0	0	-1	550
15631595	8051	603	0	-100	0	230	101300000	1000	0	0	-1	550
15644155	8042	607	0	-100	0	230	101300000	1000	0	0	-1	550
15656715	8044	605	0	-100	0	230	101300000	1000	0	0	-1	550
15669275	8042	598	0	-100	0	230	101300000	1000	0	0	-1	550
15681835	8042	605	0	-100	0	230	101300000	1000	0	0	-1	550
15694395	8046	606	0	-100	0	230	101300000	1000	0	0	-1	550
15706955	8049	604	0	-100	0	230	101300000	1000	0	0	-1	550
15719515	8051	599	0	-100	0	230	101300000	1000	0	0	-1	550
15732075	8052	601	0	-100	0	230	101300000	1000	0	0	-1	550
15744635	8042	608	0	-100	0	230	101300000	1000	0	0	-1	550
15757195	8044	603	0	-100	0	230	101300000	1000	0	0	-1	550
15769755	8037	605	0	-100	0	230	101300000	1000	0	0	-1	550
15782315	8044	600	0	-100	0	230	101300000	1000	0	0	-1	550
15794875	8042	601	0	-100	0	230	101300000	1000	0	0	-1	550
15807435	8054	603	0	-100	0	230	101300000	1000	0	0	-1	550
15819995	8042	606	0	-100	0	230	101300000	1000	0	0	-1	550
15832555	8039	606	0	-100	0	230	101300000	1000	0	0	-1	550
15845115	8051	600	0	-100	0	230	101300000	1000	0	0	-1	550
15857675	8042	602	0	-100	0	230	101300000	1000	0	0	-1	550
15870235	8054	605	0	-100	0	230	101300000	1000	0	0	-1	550
15882795	8051	603	0	-100	0	230	101300000	1000	0	0	-1	550
15895355	8046	602	0	-100	0	230	101300000	1000	0	0	-1	550
15907915	8042	602	0	-100	0	230	101300000	1000	0	0	-1	550
15920475	8044	605	0	-100	0	230	101300000	1000	0	0	-1	550
15933035	8051	604	0	-100	0	230	101300000	1000	0	0	-1	550
15945595	8063	603	0	-100	0	230	101300000	1000	0	0	-1	550
15958155	8050	602	0	-100	0	230	101300000	1000	0	0	-1	550
15970715	8047	603	0	-100	0	230	101300000	1000	0	0	-1	550
15983275	8051	604	0	-100	0	230	101300000	1000	0	0	-1	550
15995835	8042	606	0	-100	0	230	101300000	1000	0	0	-1	550
16008395	8044	600	0	-100	0	230	101300000	1000	0	0	-1	550
16020955	8037	607	0	-100	0	230	101300000	1000	0	0	-1	550
16033515	8044	603	0	-100	0	230	101300000	1000	0	0	-1	550
16046075	8046	608	0	-100	0	230	101300000	1000	0	0	-1	550
16058635	8053	605	0	-100	0	230	101300000	1000	0	0	-1	550
16071195	8032	607	0	-100	0	230	101300000	1000	0	0	-1	550
16083755	8037	606	0	-100	0	230	101300000	1000	0	0	-1	550
16096315	8042	601	0	-100	0	230	101300000	1000	0	0	-1	550
16108875	8037	598	0	-100	0	230	101300000	1000	0	0	-1	550
16121435	8049	604	0	-100	0	230	101300000	1000	0	0	-1	550
16133995	8058	604	0	-100	0	230	101300000	1000	0	0	-1	550
16146555	8044	604	0	-100	0	230	101300000	1000	0	0	-1	550
16159115	8046	604	0	-100	0	230	101300000	1000	0	0	-1	550
16171675	8048	603	0	-100	0	230	101300000	1000	0	0	-1	550
16184235	8051	605	0	-100	0	230	101300000	1000	0	0	-1	550
16196795	8051	608	0	-100	0	230	101300000	1000	0	0	-1	550
16209355	8046	601	0	-100	0	230	101300000	1000	0	0	-1	550
16221915	8049	604	0	-100	0	230	101300000	1000	0	0	-1	550
16234475	8042	605	0	-100	0	230	101300000	1000	0	0	-1	550
16247035	8042	607	0	-100	0	230	101300000	1000	0	0	-1	550
16259595	8049	604	0	-100	0	230	101300000	1000	0	0	-1	550
16272155	8051	606	0	-100	0	230	101300000	1000	0	0	-1	550
16284715	8051	604	0	-100	0	230	101300000	1000	0	0	-1	550
16297275	8059	603	0	-100	0	230	101300000	1000	0	0	-1	550
16309835	8061	606	0	-100	0	230	101300000	1000	0	0	-1	550
16322395	8046	599	0	-100	0	230	101300000	1000	0	0	-1	550
16334955	8054	600	0	-100	0	230	101300000	1000	0	0	-1	550
16347515	8059	604	0	-100	0	230	101300000	1000	0	0	-1	550
16360075	8046	602	0	-100	0	230	101300000	1000	0	0	-1	550
16372635	8049	601	0	-100	0	230	101300000	1000	0	0	-1	550
16385195	8051	607	0	-100	0	230	101300000	1000	0	0	-1	550
16397755	8048	607	0	-100	0	230	101300000	1000	0	0	-1	550
16410315	8053	601	0	-100	0	230	101300000	1000	0	0	-1	550
16422875	8061	602	0	-100	0	230	101300000	1000	0	0	-1	550
16435435	8042	601	0	-100	0	230	101300000	1000	0	0	-1	550
16447995	8047	606	0	-100	0	230	101300000	1000	0	0	-1	550
16460555	8039	598	0	-100	0	230	101300000	1000	0	0	-1	550
16473115	8051	606	0	-100	0	230	101300000	1000	0	0	-1	550
16485675	8061	601	0	-100	0	230	101300000	1000	0	0	-1	550
16498235	8044	603	0	-100	0	230	101300000	1000	0	0	-1	550
16510795	8046	603	0	-100	0	230	101300000	1000	0	0	-1	550
16523355	8044	605	0	-100	0	230	101300000	1000	0	0	-1	550
16535915	8042	601	0	-100	0	230	101300000	1000	0	0	-1	550
16548475	8046	600	0	-100	0	230	101300000	1000	0	0	-1	550
16561035	8046	609	0	-100	0	230	101300000	1000	0	0	-1	550
16573595	8039	606	0	-100	0	230	101300000	1000	0	0	-1	550
16586155	8047	605	0	-100	0	230	101300000	1000	0	0	-1	550
16598715	8049	603	0	-100	0	230	101300000	1000	0	0	-1	550
16611275	8039	602	0	-100	0	230	101300000	1000	0	0	-1	550
16623835	8047	603	0	-100	0	230	101300000	1000	0	0	-1	550
16636395	8049	607	0	-100	0	230	101300000	1000	0	0	-1	550
16648955	8061	603	0	-100	0	230	101300000	1000	0	0	-1	550
16661515	8039	602	0	-100	0	230	101300000	1000	0	0	-1	550
16674075	8058	604	0	-100	0	230	101300000	1000	0	0	-1	550
16686635	8051	605	0	-100	0	230	101300000	1000	0	0	-1	550
16699195	8044	606	0	-100	0	230	101300000	1000	0	0	-1	550
16711755	8051	601	0	-100	0	230	101300000	1000	0	0	-1	550
16724315	8042	603	0	-100	0	230	101300000	1000	0	0	-1	550
16736875	8054	602	0	-100	0	230	101300000	1000	0	0	-1	550
16749435	8054	605	0	-100	0	230	101300000	1000	0	0	-1	550
16761995	8051	600	0	-100	0	230	101300000	1000	0	0	-1	550
16774555	8044	600	0	-100	0	230	101300000	1000	0	0	-1	550
16787115	8034	608	0	-100	0	230	101300000	1000	0	0	-1	550
16799675	8048	605	0	-100	0	230	101300000	1000	0	0	-1	550
16812235	8044	606	0	-100	0	230	101300000	1000	0	0	-1	550
16824795	8054	607	0	-100	0	230	101300000	1000	0	0	-1	550
16837355	8044	612	0	-100	0	230	101300000	1000	0	0	-1	550
16849915	8052	603	0	-100	0	230	101300000	1000	0	0	-1	550
16862475	8035	605	0	-100	0	230	101300000	1000	0	0	-1	550
16875035	8042	604	0	-100	0	230	101300000	1000	0	0	-1	550
16887595	8039	604	0	-100	0	230	101300000	1000	0	0	-1	550
16900155	8049	606	0	-100	0	230	101300000	1000	0	0	-1	550
16912715	8049	605	0	-100	0	230	101300000	1000	0	0	-1	550
16925275	8051	605	0	-100	0	230	101300000	1000	0	0	-1	550
16937835	8056	603	0	-100	0	230	101300000	1000	0	0	-1	550
16950395	8053	604	0	-100	0	230	101300000	1000	0	0	-1	550
16962955	8056	606	0	-100	0	230	101300000	1000	0	0	-1	550
16975515	8044	602	0	-100	0	230	101300000	1000	0	0	-1	550
16988075	8048	609	0	-100	0	230	101300000	1000	0	0	-1	550
17000635	8047	601	0	-100	0	230	101300000	1000	0	0	-1	550
17013195	8049	601	0	-100	0	230	101300000	1000	0	0	-1	550
17025755	8054	605	0	-100	0	230	101300000	1000	0	0	-1	550
17038315	8059	603	0	-100	0	230	101300000	1000	0	0	-1	550
17050875	8035	599	0	-100	0	230	101300000	1000	0	0	-1	550
17063435	8046	605	0	-100	0	230	101300000	1000	0	0	-1	550
17075995	8049	607	0	-100	0	230	101300000	1000	0	0	-1	550
17088555	8046	604	0	-100	0	230	101300000	1000	0	0	-1	550
17101115	8046	599	0	-100	0	230	101300000	1000	0	0	-1	550
17113675	8056	606	0	-100	0	230	101300000	1000	0	0	-1	550
17126235	8036	607	0	-100	0	230	101300000	1000	0	0	-1	550
17138795	8051	604	0	-100	0	230	101300000	1000	0	0	-1	550
17151355	8049	603	0	-100	0	230	101300000	1000	0	0	-1	550
17163915	8044	603	0	-100	0	230	101300000	1000	0	0	-1	550
17176475	8039	603	0	-100	0	230	101300000	1000	0	0	-1	550
17189035	8053	607	0	-100	0	230	101300000	1000	0	0	-1	550
17201595	8044	605	0	-100	0	230	101300000	1000	0	0	-1	550
17214155	8051	608	0	-100	0	230	101300000	1000	0	0	-1	550
17226715	8049	601	0	-100	0	230	101300000	1000	0	0	-1	550
17239275	8056	601	0	-100	0	230	101300000	1000	0	0	-1	550
17251835	8051	607	0	-100	0	230	101300000	1000	0	0	-1	550
17264395	8051	608	0	-100	0	230	101300000	1000	0	0	-1	550
17276955	8044	607	0	-100	0	230	101300000	1000	0	0	-1	550
17289515	8046	608	0	-100	0	230	101300000	1000	0	0	-1	550
17302075	8049	605	0	-100	0	230	101300000	1000	0	0	-1	550
17314635	8051	605	0	-100	0	230	101300000	1000	0	0	-1	550
17327195	8051	604	0	-100	0	230	101300000	1000	0	0	-1	550
17339755	8039	605	0	-100	0	230	101300000	1000	0	0	-1	550
17352315	8046	607	0	-100	0	230	101300000	1000	0	0	-1	550
17364875	8049	605	0	-100	0	230	101300000	1000	0	0	-1	550
17402555	8042	605	0	-100	0	230	101300000	1000	0	0	-1	550
17415115	8049	604	0	-100	0	230	101300000	1000	0	0	-1	550
17427675	8044	607	0	-100	0	230	101300000	1000	0	0	-1	550
17440235	8048	600	0	-100	0	230	101300000	1000	0	0	-1	550
17452795	8037	606	0	-100	0	230	101300000	1000	0	0	-1	550
17465355	8048	608	0	-100	0	230	101300000	1000	0	0	-1	550
17477915	8044	603	0	-100	0	230	101300000	1000	0	0	-1	550
17490475	8044	607	0	-100	0	230	101300000	1000	0	0	-1	550
17503035	8042	607	0	-100	0	230	101300000	1000	0	0	-1	550
17515595	8042	608	0	-100	0	230	101300000	1000	0	0	-1	550
17528155	8048	609	0	-100	0	230	101300000	1000	0	0	-1	550
17540715	8037	606	0	-100	0	230	101300000	1000	0	0	-1	550
17553275	8049	605	0	-100	0	230	101300000	1000	0	0	-1	550
17565835	8042	606	0	-100	0	230	101300000	1000	0	0	-1	550
17578395	8044	602	0	-100	0	230	101300000	1000	0	0	-1	550
17590955	8042	605	0	-100	0	230	101300000	1000	0	0	-1	550
17603515	8049	601	0	-100	0	230	101300000	1000	0	0	-1	550
17616075	8049	603	0	-100	0	230	101300000	1000	0	0	-1	550
17628635	8046	602	0	-100	0	230	101300000	1000	0	0	-1	550
17641195	8047	602	0	-100	0	230	101300000	1000	0	0	-1	550
17653755	8037	607	0	-100	0	230	101300000	1000	0	0	-1	550
17666315	8042	606	0	-100	0	230	101300000	1000	0	0	-1	550
17678875	8049	607	0	-100	0	230	101300000	1000	0	0	-1	550
17691435	8039	609	0	-100	0	230	101300000	1000	0	0	-1	550
17703995	8054	609	0	-100	0	230	101300000	1000	0	0	-1	550
17716555	8035	603	0	-100	0	230	101300000	1000	0	0	-1	550
17729115	8047	606	0	-100	0	230	101300000	1000	0	0	-1	550
17741675	8044	602	0	-100	0	230	101300000	1000	0	0	-1	550
17754235	8047	603	0	-100	0	230	101300000	1000	0	0	-1	550
17766795	8053	604	0	-100	0	230	101300000	1000	0	0	-1	550
17779355	8040	602	0	-100	0	230	101300000	1000	0	0	-1	550
17791915	8048	609	0	-100	0	230	101300000	1000	0	0	-1	550
17804475	8044	609	0	-100	0	230	101300000	1000	0	0	-1	550
17817035	8058	604	0	-100	0	230	101300000	1000	0	0	-1	550
17829595	8046	604	0	-100	0	230	101300000	1000	0	0	-1	550
17842155	8053	605	0	-100	0	230	101300000	1000	0	0	-1	550
17854715	8044	605	0	-100	0	230	101300000	1000	0	0	-1	550
17867275	8049	606	0	-100	0	230	101300000	1000	0	0	-1	550
17879835	8032	609	0	-100	0	230	101300000	1000	0	0	-1	550
17892395	8056	606	0	-100	0	230	101300000	1000	0	0	-1	550
17904955	8051	608	0	-100	0	230	101300000	1000	0	0	-1	550
17917515	8046	604	0	-100	0	230	101300000	1000	0	0	-1	550
17930075	8056	603	0	-100	0	230	101300000	1000	0	0	-1	550
17942635	8051	603	0	-100	0	230	101300000	1000	0	0	-1	550
17955195	8044	602	0	-100	0	230	101300000	1000	0	0	-1	550
17967755	8046	602	0	-100	0	230	101300000	1000	0	0	-1	550
17980315	8037	610	0	-100	0	230	101300000	1000	0	0	-1	550
17992875	8049	602	0	-100	0	230	101300000	1000	0	0	-1	550
18005435	8061	608	0	-100	0	230	101300000	1000	0	0	-1	550
18017995	8056	607	0	-100	0	230	101300000	1000	0	0	-1	550
18030555	8039	604	0	-100	0	230	101300000	1000	0	0	-1	550
18043115	8040	603	0	-100	0	230	101300000	1000	0	0	-1	550
18055675	8049	606	0	-100	0	230	101300000	1000	0	0	-1	550
18068235	8044	603	0	-100	0	230	101300000	1000	0	0	-1	550
18080795	8054	605	0	-100	0	230	101300000	1000	0	0	-1	550
18093355	8049	602	0	-100	0	230	101300000	1000	0	0	-1	550
18105915	8049	603	0	-100	0	230	101300000	1000	0	0	-1	550
18118475	8054	598	0	-100	0	230	101300000	1000	0	0	-1	550
18131035	8061	609	0	-100	0	230	101300000	1000	0	0	-1	550
18143595	8039	606	0	-100	0	230	101300000	1000	0	0	-1	550
18156155	8044	606	0	-100	0	230	101300000	1000	0	0	-1	550
18168715	8044	605	0	-100	0	230	101300000	1000	0	0	-1	550
18181275	8058	605	0	-100	0	230	101300000	1000	0	0	-1	550
18193835	8056	603	0	-100	0	230	101300000	1000	0	0	-1	550
18206395	8051	606	0	-100	0	230	101300000	1000	0	0	-1	550
18218955	8039	605	0	-100	0	230	101300000	1000	0	0	-1	550
18231515	8041	606	0	-100	0	230	101300000	1000	0	0	-1	550
18244075	8046	600	0	-100	0	230	101300000	1000	0	0	-1	550
18256635	8049	600	0	-100	0	230	101300000	1000	0	0	-1	550
18269195	8056	606	0	-100	0	230	101300000	1000	0	0	-1	550
18281755	8037	601	0	-100	0	230	101300000	1000	0	0	-1	550
18294315	8044	605	0	-100	0	230	101300000	1000	0	0	-1	550
18306875	8034	608	0	-100	0	230	101300000	1000	0	0	-1	550
18319435	8054	606	0	-100	0	230	101300000	1000	0	0	-1	550
18331995	8042	602	0	-100	0	230	101300000	1000	0	0	-1	550
18344555	8044	602	0	-100	0	230	101300000	1000	0	0	-1	550
18357115	8049	598	0	-100	0	230	101300000	1000	0	0	-1	550
18369675	8050	602	0	-100	0	230	101300000	1000	0	0	-1	550
18382235	8051	607	0	-100	0	230	101300000	1000	0	0	-1	550
18394795	8049	604	0	-100	0	230	101300000	1000	0	0	-1	550
18407355	8056	599	0	-100	0	230	101300000	1000	0	0	-1	550
18419915	8041	604	0	-100	0	230	101300000	1000	0	0	-1	550
18432475	8044	585	0	-100	0	230	101300000	1000	0	0	-1	550
18445035	8051	599	0	-100	0	230	101300000	1000	0	0	-1	550
18457595	8042	580	0	-100	0	230	101300000	1000	0	0	-1	550
18470155	8039	604	0	-100	0	230	101300000	1000	0	0	-1	550
18482715	8051	606	0	-100	0	230	101300000	1000	0	0	-1	550
18495275	8051	606	0	-100	0	230	101300000	1000	0	0	-1	550
18507835	8051	601	0	-100	0	230	101300000	1000	0	0	-1	550
18520395	8032	604	0	-100	0	230	101300000	1000	0	0	-1	550
18532955	8044	608	0	-100	0	230	101300000	1000	0	0	-1	550
18545515	8051	607	0	-100	0	230	101300000	1000	0	0	-1	550
18558075	8061	605	0	-100	0	230	101300000	1000	0	0	-1	550
18570635	8053	602	0	-100	0	230	101300000	1000	0	0	-1	550
18583195	8044	607	0	-100	0	230	101300000	1000	0	0	-1	550
18595755	8059	606	0	-100	0	230	101300000	1000	0	0	-1	550
18608315	8042	602	0	-100	0	230	101300000	1000	0	0	-1	550
18620875	8054	601	0	-100	0	230	101300000	1000	0	0	-1	550
18633435	8037	602	0	-100	0	230	101300000	1000	0	0	-1	550
18645995	8061	604	0	-100	0	230	101300000	1000	0	0	-1	550
18658555	8043	608	0	-100	0	230	101300000	1000	0	0	-1	550
18671115	8053	605	0	-100	0	230	101300000	1000	0	0	-1	550
18683675	8044	605	0	-100	0	230	101300000	1000	0	0	-1	550
18696235	8054	605	0	-100	0	230	101300000	1000	0	0	-1	550
18708795	8047	600	0	-100	0	230	101300000	1000	0	0	-1	550
18721355	8053	607	0	-100	0	230	101300000	1000	0	0	-1	550
18733915	8043	604	0	-100	0	230	101300000	1000	0	0	-1	550
18746475	8056	602	0	-100	0	230	101300000	1000	0	0	-1	550
18759035	8040	604	0	-100	0	230	101300000	1000	0	0	-1	550
18771595	8043	608	0	-100	0	230	101300000	1000	0	0	-1	550
18784155	8050	605	0	-100	0	230	101300000	1000	0	0	-1	550
18796715	8054	607	0	-100	0	230	101300000	1000	0	0	-1	550
18809275	8047	605	0	-100	0	230	101300000	1000	0	0	-1	550
18821835	8042	602	0	-100	0	230	101300000	1000	0	0	-1	550
18834395	8043	601	0	-100	0	230	101300000	1000	0	0	-1	550
18846955	8039	601	0	-100	0	230	101300000	1000	0	0	-1	550
18859515	8053	605	0	-100	0	230	101300000	1000	0	0	-1	550
18872075	8059	602	0	-100	0	230	101300000	1000	0	0	-1	550
18884635	8056	599	0	-100	0	230	101300000	1000	0	0	-1	550
18897195	8047	606	0	-100	0	230	101300000	1000	0	0	-1	550
18909755	8051	603	0	-100	0	230	101300000	1000	0	0	-1	550
18922315	8049	606	0	-100	0	230	101300000	1000	0	0	-1	550
18934875	8054	603	0	-100	0	230	101300000	1000	0	0	-1	550
18947435	8042	607	0	-100	0	230	101300000	1000	0	0	-1	550
18959995	8044	604	0	-100	0	230	101300000	1000	0	0	-1	550
18972555	8051	605	0	-100	0	230	101300000	1000	0	0	-1	550
18985115	8044	605	0	-100	0	230	101300000	1000	0	0	-1	550
18997675	8044	603	0	-100	0	230	101300000	1000	0	0	-1	550
19010235	8053	603	0	-100	0	230	101300000	1000	0	0	-1	550
19022795	8039	606	0	-100	0	230	101300000	1000	0	0	-1	550
19035355	8041	608	0	-100	0	230	101300000	1000	0	0	-1	550
19047915	8054	610	0	-100	0	230	101300000	1000	0	0	-1	550
19060475	8036	604	0	-100	0	230	101300000	1000	0	0	-1	550
19073035	8053	608	0	-100	0	230	101300000	1000	0	0	-1	550
19085595	8051	604	0	-100	0	230	101300000	1000	0	0	-1	550
19098155	8059	605	0	-100	0	230	101300000	1000	0	0	-1	550
19110715	8049	602	0	-100	0	230	101300000	1000	0	0	-1	550
19123275	8058	604	0	-100	0	230	101300000	1000	0	0	-1	550
19135835	8066	606	0	-100	0	230	101300000	1000	0	0	-1	550
19148395	8046	603	0	-100	0	230	101300000	1000	0	0	-1	550
19160955	8054	603	0	-100	0	230	101300000	1000	0	0	-1	550
19173515	8051	601	0	-100	0	230	101300000	1000	0	0	-1	550
19186075	8046	600	0	-100	0	230	101300000	1000	0	0	-1	550
19198635	8051	605	0	-100	0	230	101300000	1000	0	0	-1	550
19211195	8046	600	0	-100	0	230	101300000	1000	0	0	-1	550
19223755	8046	605	0	-100	0	230	101300000	1000	0	0	-1	550
19236315	8039	605	0	-100	0	230	101300000	1000	0	0	-1	550
19248875	8037	603	0	-100	0	230	101300000	1000	0	0	-1	550
19261435	8049	605	0	-100	0	230	101300000	1000	0	0	-1	550
19273995	8041	603	0	-100	0	230	101300000	1000	0	0	-1	550
19286555	8046	604	0	-100	0	230	101300000	1000	0	0	-1	550
19299115	8037	605	0	-100	0	230	101300000	1000	0	0	-1	550
19311675	8042	607	0	-100	0	230	101300000	1000	0	0	-1	550
19324235	8044	603	0	-100	0	230	101300000	1000	0	0	-1	550
19336795	8044	604	0	-100	0	230	101300000	1000	0	0	-1	550
19349355	8051	603	0	-100	0	230	101300000	1000	0	0	-1	550
19361915	8049	611	0	-100	0	230	101300000	1000	0	0	-1	550
19374475	8046	607	0	-100	0	230	101300000	1000	0	0	-1	550
19387035	8051	607	0	-100	0	230	101300000	1000	0	0	-1	550
19399595	8044	607	0	-100	0	230	101300000	1000	0	0	-1	550
19412155	8048	603	0	-100	0	230	101300000	1000	0	0	-1	550
19424715	8039	602	0	-100	0	230	101300000	1000	0	0	-1	550
19437275	8046	606	0	-100	0	230	101300000	1000	0	0	-1	550
19449835	8039	608	0	-100	0	230	101300000	1000	0	0	-1	550
19462395	8046	603	0	-100	0	230	101300000	1000	0	0	-1	550
19474955	8046	605	0	-100	0	230	101300000	1000	0	0	-1	550
19487515	8041	608	0	-100	0	230	101300000	1000	0	0	-1	550
19500075	8042	603	0	-100	0	230	101300000	1000	0	0	-1	550
19512635	8039	601	0	-100	0	230	101300000	1000	0	0	-1	550
19525195	8047	607	0	-100	0	230	101300000	1000	0	0	-1	550
19537755	8044	604	0	-100	0	230	101300000	1000	0	0	-1	550
19550315	8043	608	0	-100	0	230	101300000	1000	0	0	-1	550
19562875	8049	604	0	-100	0	230	101300000	1000	0	0	-1	550
19575435	8056	606	0	-100	0	230	101300000	1000	0	0	-1	550
19587995	8058	605	0	-100	0	230	101300000	1000	0	0	-1	550
19600555	8054	598	0	-100	0	230	101300000	1000	0	0	-1	550
19613115	8056	606	0	-100	0	230	101300000	1000	0	0	-1	550
19625675	8054	607	0	-100	0	230	101300000	1000	0	0	-1	550
19638235	8054	606	0	-100	0	230	101300000	1000	0	0	-1	550
19650795	8049	601	0	-100	0	230	101300000	1000	0	0	-1	550
19663355	8032	602	0	-100	0	230	101300000	1000	0	0	-1	550
19675915	8042	603	0	-100	0	230	101300000	1000	0	0	-1	550
19688475	8044	607	0	-100	0	230	101300000	1000	0	0	-1	550
19701035	8032	604	0	-100	0	230	101300000	1000	0	0	-1	550
19713595	8054	605	0	-100	0	230	101300000	1000	0	0	-1	550
19726155	8046	605	0	-100	0	230	101300000	1000	0	0	-1	550
19738715	8056	604	0	-100	0	230	101300000	1000	0	0	-1	550
19751275	8044	600	0	-100	0	230	101300000	1000	0	0	-1	550
19763835	8041	604	0	-100	0	230	101300000	1000	0	0	-1	550
19776395	8037	603	0	-100	0	230	101300000	1000	0	0	-1	550
19788955	8049	605	0	-100	0	230	101300000	1000	0	0	-1	550
19801515	8058	603	0	-100	0	230	101300000	1000	0	0	-1	550
19814075	8049	605	0	-100	0	230	101300000	1000	0	0	-1	550
19826635	8049	606	0	-100	0	230	101300000	1000	0	0	-1	550
19839195	8056	603	0	-100	0	230	101300000	1000	0	0	-1	550
19851755	8051	601	0	-100	0	230	101300000	1000	0	0	-1	550
19864315	8046	601	0	-100	0	230	101300000	1000	0	0	-1	550
19876875	8042	603	0	-100	0	230	101300000	1000	0	0	-1	550
19889435	8053	604	0	-100	0	230	101300000	1000	0	0	-1	550
19901995	8044	603	0	-100	0	230	101300000	1000	0	0	-1	550
19914555	8044	604	0	-100	0	230	101300000	1000	0	0	-1	550
19927115	8036	601	0	-100	0	230	101300000	1000	0	0	-1	550
19939675	8044	603	0	-100	0	230	101300000	1000	0	0	-1	550
19952235	8053	604	0	-100	0	230	101300000	1000	0	0	-1	550
19964795	8046	604	0	-100	0	230	101300000	1000	0	0	-1	550
19977355	8056	602	0	-100	0	230	101300000	1000	0	0	-1	550
19989915	8051	601	0	-100	0	230	101300000	1000	0	0	-1	550
20002475	8046	604	0	-100	0	230	101300000	1000	0	0	-1	550
20015035	8037	606	0	-100	0	230	101300000	1000	0	0	-1	550
20027595	8044	607	0	-100	0	230	101300000	1000	0	0	-1	550
20040155	8037	605	0	-100	0	230	101300000	1000	0	0	-1	550
20052715	8046	607	0	-100	0	230	101300000	1000	0	0	-1	550
20065275	8053	608	0	-100	0	230	101300000	1000	0	0	-1	550
20077835	8042	605	0	-100	0	230	101300000	1000	0	0	-1	550
20090395	8039	599	0	-100	0	230	101300000	1000	0	0	-1	550
20102955	8046	600	0	-100	0	230	101300000	1000	0	0	-1	550
20115515	8046	578	0	-100	0	230	101300000	1000	0	0	-1	550
20128075	8047	603	0	-100	0	230	101300000	1000	0	0	-1	550
20140635	8060	609	0	-100	0	230	101300000	1000	0	0	-1	550
20153195	8037	608	0	-100	0	230	101300000	1000	0	0	-1	550
20165755	8054	604	0	-100	0	230	101300000	1000	0	0	-1	550
20178315	8049	602	0	-100	0	230	101300000	1000	0	0	-1	550
20190875	8061	605	0	-100	0	230	101300000	1000	0	0	-1	550
20203435	8040	600	0	-100	0	230	101300000	1000	0	0	-1	550
20215995	8049	600	0	-100	0	230	101300000	1000	0	0	-1	550
20228555	8044	604	0	-100	0	230	101300000	1000	0	0	-1	550
20241115	8042	609	0	-100	0	230	101300000	1000	0	0	-1	550
20253675	8044	605	0	-100	0	230	101300000	1000	0	0	-1	550
20266235	8046	606	0	-100	0	230	101300000	1000	0	0	-1	550
20278795	8051	603	0	-100	0	230	101300000	1000	0	0	-1	550
20291355	8051	602	0	-100	0	230	101300000	1000	0	0	-1	550
20303915	8044	601	0	-100	0	230	101300000	1000	0	0	-1	550
20316475	8047	601	0	-100	0	230	101300000	1000	0	0	-1	550
20329035	8041	585	0	-100	0	230	101300000	1000	0	0	-1	550
20341595	8046	608	0	-100	0	230	101300000	1000	0	0	-1	550
20354155	8041	608	0	-100	0	230	101300000	1000	0	0	-1	550
20366715	8032	608	0	-100	0	230	101300000	1000	0	0	-1	550
20379275	8046	607	0	-100	0	230	101300000	1000	0	0	-1	550
20391835	8054	601	0	-100	0	230	101300000	1000	0	0	-1	550
20404395	8061	604	0	-100	0	230	101300000	1000	0	0	-1	550
20416955	8048	601	0	-100	0	230	101300000	1000	0	0	-1	550
20429515	8040	604	0	-100	0	230	101300000	1000	0	0	-1	550
20442075	8044	605	0	-100	0	230	101300000	1000	0	0	-1	550
20454635	8039	604	0	-100	0	230	101300000	1000	0	0	-1	550
20467195	8037	606	0	-100	0	230	101300000	1000	0	0	-1	550
20479755	8054	603	0	-100	0	230	101300000	1000	0	0	-1	550
20492315	8044	609	0	-100	0	230	101300000	1000	0	0	-1	550
20504875	8049	603	0	-100	0	230	101300000	1000	0	0	-1	550
20517435	8049	605	0	-100	0	230	101300000	1000	0	0	-1	550
20529995	8051	607	0	-100	0	230	101300000	1000	0	0	-1	550
20542555	8049	603	0	-100	0	230	101300000	1000	0	0	-1	550
20555115	8044	605	0	-100	0	230	101300000	1000	0	0	-1	550
20567675	8042	606	0	-100	0	230	101300000	1000	0	0	-1	550
20580235	8054	605	0	-100	0	230	101300000	1000	0	0	-1	550
20592795	8039	607	0	-100	0	230	101300000	1000	0	0	-1	550
20605355	8046	611	0	-100	0	230	101300000	1000	0	0	-1	550
20617915	8046	603	0	-100	0	230	101300000	1000	0	0	-1	550
20630475	8049	601	0	-100	0	230	101300000	1000	0	0	-1	550
20643035	8047	602	0	-100	0	230	101300000	1000	0	0	-1	550
20655595	8042	602	0	-100	0	230	101300000	1000	0	0	-1	550
20668155	8044	606	0	-100	0	230	101300000	1000	0	0	-1	550
20680715	8047	599	0	-100	0	230	101300000	1000	0	0	-1	550
20693275	8042	602	0	-100	0	230	101300000	1000	0	0	-1	550
20705835	8054	602	0	-100	0	230	101300000	1000	0	0	-1	550
20718395	8049	601	0	-100	0	230	101300000	1000	0	0	-1	550
20730955	8049	601	0	-100	0	230	101300000	1000	0	0	-1	550
20743515	8058	600	0	-100	0	230	101300000	1000	0	0	-1	550
20756075	8051	601	0	-100	0	230	101300000	1000	0	0	-1	550
20768635	8049	608	0	-100	0	230	101300000	1000	0	0	-1	550
20781195	8049	611	0	-100	0	230	101300000	1000	0	0	-1	550
20793755	8044	604	0	-100	0	230	101300000	1000	0	0	-1	550
20806315	8035	602	0	-100	0	230	101300000	1000	0	0	-1	550
20818875	8042	600	0	-100	0	230	101300000	1000	0	0	-1	550
20831435	8051	603	0	-100	0	230	101300000	1000	0	0	-1	550
20843995	8059	606	0	-100	0	230	101300000	1000	0	0	-1	550
20856555	8047	604	0	-100	0	230	101300000	1000	0	0	-1	550
20869115	8056	604	0	-100	0	230	101300000	1000	0	0	-1	550
20881675	8053	605	0	-100	0	230	101300000	1000	0	0	-1	550
20894235	8054	609	0	-100	0	230	101300000	1000	0	0	-1	550
20906795	8049	603	0	-100	0	230	101300000	1000	0	0	-1	550
20919355	8047	601	0	-100	0	230	101300000	1000	0	0	-1	550
20931915	8027	602	0	-100	0	230	101300000	1000	0	0	-1	550
20944475	8046	604	0	-100	0	230	101300000	1000	0	0	-1	550
20957035	8048	606	0	-100	0	230	101300000	1000	0	0	-1	550
20969595	8059	603	0	-100	0	230	101300000	1000	0	0	-1	550
20982155	8063	604	0	-100	0	230	101300000	1000	0	0	-1	550
20994715	8049	606	0	-100	0	230	101300000	1000	0	0	-1	550
21007275	8058	604	0	-100	0	230	101300000	1000	0	0	-1	550
21019835	8044	604	0	-100	0	230	101300000	1000	0	0	-1	550
21032395	8046	605	0	-100	0	230	101300000	1000	0	0	-1	550
21044955	8046	605	0	-100	0	230	101300000	1000	0	0	-1	550
21057515	8056	606	0	-100	0	230	101300000	1000	0	0	-1	550
21070075	8051	603	0	-100	0	230	101300000	1000	0	0	-1	550
21082635	8039	602	0	-100	0	230	101300000	1000	0	0	-1	550
21095195	8042	603	0	-100	0	230	101300000	1000	0	0	-1	550
21107755	8047	605	0	-100	0	230	101300000	1000	0	0	-1	550
21120315	8042	607	0	-100	0	230	101300000	1000	0	0	-1	550
21132875	8053	606	0	-100	0	230	101300000	1000	0	0	-1	550
21145435	8049	603	0	-100	0	230	101300000	1000	0	0	-1	550
21157995	8059	607	0	-100	0	230	101300000	1000	0	0	-1	550
21170555	8056	604	0	-100	0	230	101300000	1000	0	0	-1	550
21183115	8058	602	0	-100	0	230	101300000	1000	0	0	-1	550
21195675	8056	607	0	-100	0	230	101300000	1000	0	0	-1	550
21208235	8036	604	0	-100	0	230	101300000	1000	0	0	-1	550
21220795	8049	607	0	-100	0	230	101300000	1000	0	0	-1	550
21233355	8032	600	0	-100	0	230	101300000	1000	0	0	-1	550
21245915	8051	607	0	-100	0	230	101300000	1000	0	0	-1	550
21258475	8046	607	0	-100	0	230	101300000	1000	0	0	-1	550
21271035	8053	602	0	-100	0	230	101300000	1000	0	0	-1	550
21283595	8051	605	0	-100	0	230	101300000	1000	0	0	-1	550
21296155	8056	606	0	-100	0	230	101300000	1000	0	0	-1	550
21308715	8051	607	0	-100	0	230	101300000	1000	0	0	-1	550
21321275	8042	603	0	-100	0	230	101300000	1000	0	0	-1	550
21333835	8048	588	0	-100	0	230	101300000	1000	0	0	-1	550
21346395	8053	608	0	-100	0	230	101300000	1000	0	0	-1	550
21358955	8049	602	0	-100	0	230	101300000	1000	0	0	-1	550
21371515	8051	603	0	-100	0	230	101300000	1000	0	0	-1	550
21384075	8056	603	0	-100	0	230	101300000	1000	0	0	-1	550
21396635	8044	607	0	-100	0	230	101300000	1000	0	0	-1	550
21409195	8053	609	0	-100	0	230	101300000	1000	0	0	-1	550
21421755	8044	603	0	-100	0	230	101300000	1000	0	0	-1	550
21434315	8049	603	0	-100	0	230	101300000	1000	0	0	-1	550
21446875	8042	606	0	-100	0	230	101300000	1000	0	0	-1	550
21459435	8046	606	0	-100	0	230	101300000	1000	0	0	-1	550
21471995	8051	605	0	-100	0	230	101300000	1000	0	0	-1	550
21484555	8044	602	0	-100	0	230	101300000	1000	0	0	-1	550
21497115	8046	604	0	-100	0	230	101300000	1000	0	0	-1	550
21509675	8044	602	0	-100	0	230	101300000	1000	0	0	-1	550
21522235	8056	605	0	-100	0	230	101300000	1000	0	0	-1	550
21534795	8051	603	0	-100	0	230	101300000	1000	0	0	-1	550
21547355	8044	606	0	-100	0	230	101300000	1000	0	0	-1	550
21559915	8051	608	0	-100	0	230	101300000	1000	0	0	-1	550
21572475	8037	606	0	-100	0	230	101300000	1000	0	0	-1	550
21585035	8045	598	0	-100	0	230	101300000	1000	0	0	-1	550
21597595	8044	603	0	-100	0	230	101300000	1000	0	0	-1	550
21610155	8044	607	0	-100	0	230	101300000	1000	0	0	-1	550
21622715	8051	607	0	-100	0	230	101300000	1000	0	0	-1	550
21635275	8047	599	0	-100	0	230	101300000	1000	0	0	-1	550
21647835	8066	603	0	-100	0	230	101300000	1000	0	0	-1	550
21660395	8054	599	0	-100	0	230	101300000	1000	0	0	-1	550
21672955	8051	602	0	-100	0	230	101300000	1000	0	0	-1	550
21685515	8049	598	0	-100	0	230	101300000	1000	0	0	-1	550
21698075	8042	603	0	-100	0	230	101300000	1000	0	0	-1	550
21710635	8044	602	0	-100	0	230	101300000	1000	0	0	-1	550
21723195	8044	606	0	-100	0	230	101300000	1000	0	0	-1	550
21735755	8049	605	0	-100	0	230	101300000	1000	0	0	-1	550
21748315	8039	606	0	-100	0	230	101300000	1000	0	0	-1	550
21760875	8053	606	0	-100	0	230	101300000	1000	0	0	-1	550
21773435	8049	606	0	-100	0	230	101300000	1000	0	0	-1	550
21785995	8049	605	0	-100	0	230	101300000	1000	0	0	-1	550
21798555	8047	601	0	-100	0	230	101300000	1000	0	0	-1	550
21811115	8053	603	0	-100	0	230	101300000	1000	0	0	-1	550
21823675	8056	604	0	-100	0	230	101300000	1000	0	0	-1	550
21836235	8049	588	0	-100	0	230	101300000	1000	0	0	-1	550
21848795	8051	604	0	-100	0	230	101300000	1000	0	0	-1	550
21861355	8051	601	0	-100	0	230	101300000	1000	0	0	-1	550
21873915	8049	603	0	-100	0	230	101300000	1000	0	0	-1	550
21886475	8051	603	0	-100	0	230	101300000	1000	0	0	-1	550
21899035	8046	602	0	-100	0	230	101300000	1000	0	0	-1	550
21911595	8044	608	0	-100	0	230	101300000	1000	0	0	-1	550
21924155	8049	603	0	-100	0	230	101300000	1000	0	0	-1	550
21936715	8058	603	0	-100	0	230	101300000	1000	0	0	-1	550
21949275	8046	605	0	-100	0	230	101300000	1000	0	0	-1	550
21961835	8039	609	0	-100	0	230	101300000	1000	0	0	-1	550
21974395	8049	607	0	-100	0	230	101300000	1000	0	0	-1	550
21986955	8059	603	0	-100	0	230	101300000	1000	0	0	-1	550
21999515	8053	608	0	-100	0	230	101300000	1000	0	0	-1	550
22012075	8054	606	0	-100	0	230	101300000	1000	0	0	-1	550
22024635	8046	604	0	-100	0	230	101300000	1000	0	0	-1	550
22037195	8044	605	0	-100	0	230	101300000	1000	0	0	-1	550
22049755	8039	607	0	-100	0	230	101300000	1000	0	0	-1	550
22062315	8051	605	0	-100	0	230	101300000	1000	0	0	-1	550
22074875	8046	607	0	-100	0	230	101300000	1000	0	0	-1	550
22087435	8049	601	0	-100	0	230	101300000	1000	0	0	-1	550
22099995	8056	604	0	-100	0	230	101300000	1000	0	0	-1	550
22112555	8034	604	0	-100	0	230	101300000	1000	0	0	-1	550
22125115	8049	602	0	-100	0	230	101300000	1000	0	0	-1	550
22137675	8046	603	0	-100	0	230	101300000	1000	0	0	-1	550
22150235	8051	603	0	-100	0	230	101300000	1000	0	0	-1	550
22162795	8044	605	0	-100	0	230	101300000	1000	0	0	-1	550
22175355	8032	606	0	-100	0	230	101300000	1000	0	0	-1	550
22187915	8039	604	0	-100	0	230	101300000	1000	0	0	-1	550
22200475	8046	604	0	-100	0	230	101300000	1000	0	0	-1	550
22213035	8039	602	0	-100	0	230	101300000	1000	0	0	-1	550
22225595	8044	607	0	-100	0	230	101300000	1000	0	0	-1	550
22238155	8048	608	0	-100	0	230	101300000	1000	0	0	-1	550
22250715	8042	605	0	-100	0	230	101300000	1000	0	0	-1	550
22263275	8044	603	0	-100	0	230	101300000	1000	0	0	-1	550
22275835	8044	607	0	-100	0	230	101300000	1000	0	0	-1	550
22288395	8049	604	0	-100	0	230	101300000	1000	0	0	-1	550
22300955	8049	601	0	-100	0	230	101300000	1000	0	0	-1	550
22313515	8044	604	0	-100	0	230	101300000	1000	0	0	-1	550
22326075	8051	603	0	-100	0	230	101300000	1000	0	0	-1	550
22338635	8049	604	0	-100	0	230	101300000	1000	0	0	-1	550
22351195	8042	606	0	-100	0	230	101300000	1000	0	0	-1	550
22363755	8044	602	0	-100	0	230	101300000	1000	0	0	-1	550
22376315	8047	604	0	-100	0	230	101300000	1000	0	0	-1	550
22388875	8054	603	0	-100	0	230	101300000	1000	0	0	-1	550
22401435	8042	607	0	-100	0	230	101300000	1000	0	0	-1	550
22413995	8053	605	0	-100	0	230	101300000	1000	0	0	-1	550
22426555	8051	604	0	-100	0	230	101300000	1000	0	0	-1	550
22439115	8047	601	0	-100	0	230	101300000	1000	0	0	-1	550
22451675	8044	608	0	-100	0	230	101300000	1000	0	0	-1	550
22464235	8044	605	0	-100	0	230	101300000	1000	0	0	-1	550
22476795	8049	603	0	-100	0	230	101300000	1000	0	0	-1	550
22489355	8054	606	0	-100	0	230	101300000	1000	0	0	-1	550
22501915	8053	604	0	-100	0	230	101300000	1000	0	0	-1	550
22514475	8044	606	0	-100	0	230	101300000	1000	0	0	-1	550
22527035	8044	605	0	-100	0	230	101300000	1000	0	0	-1	550
22539595	8056	606	0	-100	0	230	101300000	1000	0	0	-1	550
22552155	8044	610	0	-100	0	230	101300000	1000	0	0	-1	550
22564715	8045	606	0	-100	0	230	101300000	1000	0	0	-1	550
22577275	8047	606	0	-100	0	230	101300000	1000	0	0	-1	550
22589835	8045	602	0	-100	0	230	101300000	1000	0	0	-1	550
22602395	8044	601	0	-100	0	230	101300000	1000	0	0	-1	550
22614955	8056	601	0	-100	0	230	101300000	1000	0	0	-1	550
22627515	8051	604	0	-100	0	230	101300000	1000	0	0	-1	550
22640075	8044	606	0	-100	0	230	101300000	1000	0	0	-1	550
22652635	8054	608	0	-100	0	230	101300000	1000	0	0	-1	550
22665195	8049	600	0	-100	0	230	101300000	1000	0	0	-1	550
22677755	8054	598	0	-100	0	230	101300000	1000	0	0	-1	550
22690315	8049	604	0	-100	0	230	101300000	1000	0	0	-1	550
22702875	8053	606	0	-100	0	230	101300000	1000	0	0	-1	550
22715435	8056	606	0	-100	0	230	101300000	1000	0	0	-1	550
22727995	8049	606	0	-100	0	230	101300000	1000	0	0	-1	550
22740555	8042	606	0	-100	0	230	101300000	1000	0	0	-1	550
22753115	8042	604	0	-100	0	230	101300000	1000	0	0	-1	550
22765675	8063	604	0	-100	0	230	101300000	1000	0	0	-1	550
22778235	8046	603	0	-100	0	230	101300000	1000	0	0	-1	550
22790795	8051	604	0	-100	0	230	101300000	1000	0	0	-1	550
22803355	8044	604	0	-100	0	230	101300000	1000	0	0	-1	550
22815915	8046	607	0	-100	0	230	101300000	1000	0	0	-1	550
22828475	8049	604	0	-100	0	230	101300000	1000	0	0	-1	550
22841035	8046	608	0	-100	0	230	101300000	1000	0	0	-1	550
22853595	8047	601	0	-100	0	230	101300000	1000	0	0	-1	550
22866155	8030	607	0	-100	0	230	101300000	1000	0	0	-1	550
22878715	8042	605	0	-100	0	230	101300000	1000	0	0	-1	550
22891275	8046	601	0	-100	0	230	101300000	1000	0	0	-1	550
22903835	8042	607	0	-100	0	230	101300000	1000	0	0	-1	550
22916395	8054	603	0	-100	0	230	101300000	1000	0	0	-1	550
22928955	8044	598	0	-100	0	230	101300000	1000	0	0	-1	550
22941515	8051	602	0	-100	0	230	101300000	1000	0	0	-1	550
22954075	8039	602	0	-100	0	230	101300000	1000	0	0	-1	550
22966635	8044	605	0	-100	0	230	101300000	1000	0	0	-1	550
22979195	8039	599	0	-100	0	230	101300000	1000	0	0	-1	550
22991755	8047	602	0	-100	0	230	101300000	1000	0	0	-1	550
23004315	8039	602	0	-100	0	230	101300000	1000	0	0	-1	550
23016875	8056	601	0	-100	0	230	101300000	1000	0	0	-1	550
23029435	8040	604	0	-100	0	230	101300000	1000	0	0	-1	550
23041995	8056	608	0	-100	0	230	101300000	1000	0	0	-1	550
23054555	8035	608	0	-100	0	230	101300000	1000	0	0	-1	550
23067115	8049	611	0	-100	0	230	101300000	1000	0	0	-1	550
23079675	8039	607	0	-100	0	230	101300000	1000	0	0	-1	550
23092235	8042	603	0	-100	0	230	101300000	1000	0	0	-1	550
23104795	8039	603	0	-100	0	230	101300000	1000	0	0	-1	550
23117355	8049	603	0	-100	0	230	101300000	1000	0	0	-1	550
23129915	8044	607	0	-100	0	230	101300000	1000	0	0	-1	550
23142475	8054	602	0	-100	0	230	101300000	1000	0	0	-1	550
23155035	8051	600	0	-100	0	230	101300000	1000	0	0	-1	550
23167595	8036	608	0	-100	0	230	101300000	1000	0	0	-1	550
23180155	8041	605	0	-100	0	230	101300000	1000	0	0	-1	550
23192715	8049	603	0	-100	0	230	101300000	1000	0	0	-1	550
23205275	8046	603	0	-100	0	230	101300000	1000	0	0	-1	550
23217835	8046	604	0	-100	0	230	101300000	1000	0	0	-1	550
23230395	8039	602	0	-100	0	230	101300000	1000	0	0	-1	550
23242955	8040	605	0	-100	0	230	101300000	1000	0	0	-1	550
23255515	8051	599	0	-100	0	230	101300000	1000	0	0	-1	550
23268075	8054	603	0	-100	0	230	101300000	1000	0	0	-1	550
23280635	8049	602	0	-100	0	230	101300000	1000	0	0	-1	550
23293195	8044	602	0	-100	0	230	101300000	1000	0	0	-1	550
23305755	8046	606	0	-100	0	230	101300000	1000	0	0	-1	550
23318315	8046	602	0	-100	0	230	101300000	1000	0	0	-1	550
23330875	8047	601	0	-100	0	230	101300000	1000	0	0	-1	550
23343435	8060	601	0	-100	0	230	101300000	1000	0	0	-1	550
23355995	8037	605	0	-100	0	230	101300000	1000	0	0	-1	550
23368555	8049	604	0	-100	0	230	101300000	1000	0	0	-1	550
23381115	8056	602	0	-100	0	230	101300000	1000	0	0	-1	550
23393675	8059	604	0	-100	0	230	101300000	1000	0	0	-1	550
23406235	8049	603	0	-100	0	230	101300000	1000	0	0	-1	550
23443915	8046	603	0	-100	0	230	101300000	1000	0	0	-1	550
23456475	8051	604	0	-100	0	230	101300000	1000	0	0	-1	550
23469035	8047	604	0	-100	0	230	101300000	1000	0	0	-1	550
23481595	8047	606	0	-100	0	230	101300000	1000	0	0	-1	550
23494155	8046	603	0	-100	0	230	101300000	1000	0	0	-1	550
23506715	8049	603	0	-100	0	230	101300000	1000	0	0	-1	550
23519275	8051	603	0	-100	0	230	101300000	1000	0	0	-1	550
23531835	8046	605	0	-100	0	230	101300000	1000	0	0	-1	550
23544395	8037	607	0	-100	0	230	101300000	1000	0	0	-1	550
23556955	8035	604	0	-100	0	230	101300000	1000	0	0	-1	550
23569515	8042	602	0	-100	0	230	101300000	1000	0	0	-1	550
23582075	8049	607	0	-100	0	230	101300000	1000	0	0	-1	550
23594635	8054	603	0	-100	0	230	101300000	1000	0	0	-1	550
23607195	8049	600	0	-100	0	230	101300000	1000	0	0	-1	550
23619755	8053	604	0	-100	0	230	101300000	1000	0	0	-1	550
23632315	8046	607	0	-100	0	230	101300000	1000	0	0	-1	550
23644875	8046	607	0	-100	0	230	101300000	1000	0	0	-1	550
23657435	8048	602	0	-100	0	230	101300000	1000	0	0	-1	550
23669995	8060	606	0	-100	0	230	101300000	1000	0	0	-1	550
23682555	8049	604	0	-100	0	230	101300000	1000	0	0	-1	550
23695115	8059	596	0	-100	0	230	101300000	1000	0	0	-1	550
23707675	8056	606	0	-100	0	230	101300000	1000	0	0	-1	550
23720235	8032	601	0	-100	0	230	101300000	1000	0	0	-1	550
23732795	8042	602	0	-100	0	230	101300000	1000	0	0	-1	550
23745355	8039	607	0	-100	0	230	101300000	1000	0	0	-1	550
23757915	8042	603	0	-100	0	230	101300000	1000	0	0	-1	550
23770475	8056	604	0	-100	0	230	101300000	1000	0	0	-1	550
23783035	8056	599	0	-100	0	230	101300000	1000	0	0	-1	550
23795595	8051	606	0	-100	0	230	101300000	1000	0	0	-1	550
23808155	8034	605	0	-100	0	230	101300000	1000	0	0	-1	550
23820715	8056	602	0	-100	0	230	101300000	1000	0	0	-1	550
23833275	8049	601	0	-100	0	230	101300000	1000	0	0	-1	550
23845835	8042	601	0	-100	0	230	101300000	1000	0	0	-1	550
23858395	8044	602	0	-100	0	230	101300000	1000	0	0	-1	550
23870955	8041	600	0	-100	0	230	101300000	1000	0	0	-1	550
23883515	8046	599	0	-100	0	230	101300000	1000	0	0	-1	550
23896075	8047	602	0	-100	0	230	101300000	1000	0	0	-1	550
23908635	8051	603	0	-100	0	230	101300000	1000	0	0	-1	550
23921195	8056	606	0	-100	0	230	101300000	1000	0	0	-1	550
23933755	8046	610	0	-100	0	230	101300000	1000	0	0	-1	550
23946315	8044	606	0	-100	0	230	101300000	1000	0	0	-1	550
23958875	8044	606	0	-100	0	230	101300000	1000	0	0	-1	550
23971435	8049	602	0	-100	0	230	101300000	1000	0	0	-1	550
23983995	8046	604	0	-100	0	230	101300000	1000	0	0	-1	550
23996555	8044	604	0	-100	0	230	101300000	1000	0	0	-1	550
24009115	8053	604	0	-100	0	230	101300000	1000	0	0	-1	550
24021675	8049	601	0	-100	0	230	101300000	1000	0	0	-1	550
24034235	8047	598	0	-100	0	230	101300000	1000	0	0	-1	550
24046795	8042	607	0	-100	0	230	101300000	1000	0	0	-1	550
24059355	8032	602	0	-100	0	230	101300000	1000	0	0	-1	550
24071915	8042	604	0	-100	0	230	101300000	1000	0	0	-1	550
24084475	8042	605	0	-100	0	230	101300000	1000	0	0	-1	550
24097035	8054	600	0	-100	0	230	101300000	1000	0	0	-1	550
24109595	8051	602	0	-100	0	230	101300000	1000	0	0	-1	550
24122155	8053	604	0	-100	0	230	101300000	1000	0	0	-1	550
24134715	8049	603	0	-100	0	230	101300000	1000	0	0	-1	550
24147275	8061	603	0	-100	0	230	101300000	1000	0	0	-1	550
24159835	8046	604	0	-100	0	230	101300000	1000	0	0	-1	550
24172395	8044	603	0	-100	0	230	101300000	1000	0	0	-1	550
24184955	8044	600	0	-100	0	230	101300000	1000	0	0	-1	550
24197515	8053	603	0	-100	0	230	101300000	1000	0	0	-1	550
24210075	8046	603	0	-100	0	230	101300000	1000	0	0	-1	550
24222635	8054	603	0	-100	0	230	101300000	1000	0	0	-1	550
24235195	8042	604	0	-100	0	230	101300000	1000	0	0	-1	550
24247755	8047	602	0	-100	0	230	101300000	1000	0	0	-1	550
24260315	8049	601	0	-100	0	230	101300000	1000	0	0	-1	550
24272875	8054	606	0	-100	0	230	101300000	1000	0	0	-1	550
24285435	8054	602	0	-100	0	230	101300000	1000	0	0	-1	550
24297995	8059	605	0	-100	0	230	101300000	1000	0	0	-1	550
24310555	8049	598	0	-100	0	230	101300000	1000	0	0	-1	550
24323115	8053	605	0	-100	0	230	101300000	1000	0	0	-1	550
24335675	8051	599	0	-100	0	230	101300000	1000	0	0	-1	550
24348235	8051	601	0	-100	0	230	101300000	1000	0	0	-1	550
24360795	8041	603	0	-100	0	230	101300000	1000	0	0	-1	550
24373355	8047	602	0	-100	0	230	101300000	1000	0	0	-1	550
24385915	8044	603	0	-100	0	230	101300000	1000	0	0	-1	550
24398475	8044	603	0	-100	0	230	101300000	1000	0	0	-1	550
24411035	8049	601	0	-100	0	230	101300000	1000	0	0	-1	550
24423595	8051	603	0	-100	0	230	101300000	1000	0	0	-1	550
24436155	8044	608	0	-100	0	230	101300000	1000	0	0	-1	550
24448715	8039	602	0	-100	0	230	101300000	1000	0	0	-1	550
24461275	8042	606	0	-100	0	230	101300000	1000	0	0	-1	550
24473835	8041	606	0	-100	0	230	101300000	1000	0	0	-1	550
24486395	8041	603	0	-100	0	230	101300000	1000	0	0	-1	550
24498955	8036	605	0	-100	0	230	101300000	1000	0	0	-1	550
24511515	8047	605	0	-100	0	230	101300000	1000	0	0	-1	550
24524075	8054	602	0	-100	0	230	101300000	1000	0	0	-1	550
24536635	8056	602	0	-100	0	230	101300000	1000	0	0	-1	550
24549195	8047	606	0	-100	0	230	101300000	1000	0	0	-1	550
24561755	8044	605	0	-100	0	230	101300000	1000	0	0	-1	550
24574315	8048	603	0	-100	0	230	101300000	1000	0	0	-1	550
24586875	8044	604	0	-100	0	230	101300000	1000	0	0	-1	550
24599435	8042	603	0	-100	0	230	101300000	1000	0	0	-1	550
24611995	8041	601	0	-100	0	230	101300000	1000	0	0	-1	550
24624555	8051	605	0	-100	0	230	101300000	1000	0	0	-1	550
24637115	8051	603	0	-100	0	230	101300000	1000	0	0	-1	550
24649675	8045	598	0	-100	0	230	101300000	1000	0	0	-1	550
24662235	8058	603	0	-100	0	230	101300000	1000	0	0	-1	550
24674795	8047	601	0	-100	0	230	101300000	1000	0	0	-1	550
24687355	8051	601	0	-100	0	230	101300000	1000	0	0	-1	550
24699915	8039	603	0	-100	0	230	101300000	1000	0	0	-1	550
24712475	8051	610	0	-100	0	230	101300000	1000	0	0	-1	550
24725035	8051	604	0	-100	0	230	101300000	1000	0	0	-1	550
24737595	8037	604	0	-100	0	230	101300000	1000	0	0	-1	550
24750155	8050	604	0	-100	0	230	101300000	1000	0	0	-1	550
24762715	8059	600	0	-100	0	230	101300000	1000	0	0	-1	550
24775275	8044	603	0	-100	0	230	101300000	1000	0	0	-1	550
24787835	8056	602	0	-100	0	230	101300000	1000	0	0	-1	550
24800395	8044	601	0	-100	0	230	101300000	1000	0	0	-1	550
24812955	8039	602	0	-100	0	230	101300000	1000	0	0	-1	550
24825515	8049	604	0	-100	0	230	101300000	1000	0	0	-1	550
24838075	8053	604	0	-100	0	230	101300000	1000	0	0	-1	550
24850635	8044	608	0	-100	0	230	101300000	1000	0	0	-1	550
24863195	8050	583	0	-100	0	230	101300000	1000	0	0	-1	550
24875755	8061	603	0	-100	0	230	101300000	1000	0	0	-1	550
24888315	8068	602	0	-100	0	230	101300000	1000	0	0	-1	550
24900875	8042	609	0	-100	0	230	101300000	1000	0	0	-1	550
24913435	8056	605	0	-100	0	230	101300000	1000	0	0	-1	550
24925995	8042	598	0	-100	0	230	101300000	1000	0	0	-1	550
24938555	8047	604	0	-100	0	230	101300000	1000	0	0	-1	550
24951115	8046	606	0	-100	0	230	101300000	1000	0	0	-1	550
24963675	8046	604	0	-100	0	230	101300000	1000	0	0	-1	550
24976235	8047	599	0	-100	0	230	101300000	1000	0	0	-1	550
24988795	8051	604	0	-100	0	230	101300000	1000	0	0	-1	550
25001355	8044	602	0	-100	0	230	101300000	1000	0	0	-1	550
25013915	8053	602	0	-100	0	230	101300000	1000	0	0	-1	550
25026475	8051	602	0	-100	0	230	101300000	1000	0	0	-1	550
25039035	8041	605	0	-100	0	230	101300000	1000	0	0	-1	550
25051595	8044	604	0	-100	0	230	101300000	1000	0	0	-1	550
25064155	8066	605	0	-100	0	230	101300000	1000	0	0	-1	550
25076715	8049	601	0	-100	0	230	101300000	1000	0	0	-1	550
25089275	8051	603	0	-100	0	230	101300000	1000	0	0	-1	550
25101835	8056	605	0	-100	0	230	101300000	1000	0	0	-1	550
25114395	8061	602	0	-100	0	230	101300000	1000	0	0	-1	550
25126955	8049	605	0	-100	0	230	101300000	1000	0	0	-1	550
25139515	8042	606	0	-100	0	230	101300000	1000	0	0	-1	550
25152075	8034	607	0	-100	0	230	101300000	1000	0	0	-1	550
25164635	8061	603	0	-100	0	230	101300000	1000	0	0	-1	550
25177195	8049	603	0	-100	0	230	101300000	1000	0	0	-1	550
25189755	8046	602	0	-100	0	230	101300000	1000	0	0	-1	550
25202315	8039	604	0	-100	0	230	101300000	1000	0	0	-1	550
25214875	8046	607	0	-100	0	230	101300000	1000	0	0	-1	550
25227435	8047	603	0	-100	0	230	101300000	1000	0	0	-1	550
25239995	8042	608	0	-100	0	230	101300000	1000	0	0	-1	550
25252555	8058	606	0	-100	0	230	101300000	1000	0	0	-1	550
25265115	8054	603	0	-100	0	230	101300000	1000	0	0	-1	550
25277675	8049	606	0	-100	0	230	101300000	1000	0	0	-1	550
25290235	8047	606	0	-100	0	230	101300000	1000	0	0	-1	550
25302795	8046	601	0	-100	0	230	101300000	1000	0	0	-1	550
25315355	8060	609	0	-100	0	230	101300000	1000	0	0	-1	550
25327915	8046	607	0	-100	0	230	101300000	1000	0	0	-1	550
25340475	8049	604	0	-100	0	230	101300000	1000	0	0	-1	550
25353035	8044	603	0	-100	0	230	101300000	1000	0	0	-1	550
25365595	8044	607	0	-100	0	230	101300000	1000	0	0	-1	550
25378155	8044	584	0	-100	0	230	101300000	1000	0	0	-1	550
25390715	8046	605	0	-100	0	230	101300000	1000	0	0	-1	550
25403275	8049	605	0	-100	0	230	101300000	1000	0	0	-1	550
25415835	8054	602	0	-100	0	230	101300000	1000	0	0	-1	550
25428395	8047	602	0	-100	0	230	101300000	1000	0	0	-1	550
25440955	8056	603	0	-100	0	230	101300000	1000	0	0	-1	550
25453515	8044	604	0	-100	0	230	101300000	1000	0	0	-1	550
25466075	8049	603	0	-100	0	230	101300000	1000	0	0	-1	550
25478635	8037	602	0	-100	0	230	101300000	1000	0	0	-1	550
25491195	8037	603	0	-100	0	230	101300000	1000	0	0	-1	550
25503755	8044	603	0	-100	0	230	101300000	1000	0	0	-1	550
25516315	8051	603	0	-100	0	230	101300000	1000	0	0	-1	550
25528875	8042	605	0	-100	0	230	101300000	1000	0	0	-1	550
25541435	8044	605	0	-100	0	230	101300000	1000	0	0	-1	550
25553995	8061	605	0	-100	0	230	101300000	1000	0	0	-1	550
25566555	8051	595	0	-100	0	230	101300000	1000	0	0	-1	550
25579115	8056	599	0	-100	0	230	101300000	1000	0	0	-1	550
25591675	8046	600	0	-100	0	230	101300000	1000	0	0	-1	550
25604235	8044	603	0	-100	0	230	101300000	1000	0	0	-1	550
25616795	8050	604	0	-100	0	230	101300000	1000	0	0	-1	550
25629355	8049	604	0	-100	0	230	101300000	1000	0	0	-1	550
25641915	8036	604	0	-100	0	230	101300000	1000	0	0	-1	550
25654475	8051	605	0	-100	0	230	101300000	1000	0	0	-1	550
25667035	8036	608	0	-100	0	230	101300000	1000	0	0	-1	550
25679595	8056	606	0	-100	0	230	101300000	1000	0	0	-1	550
25692155	8046	589	0	-100	0	230	101300000	1000	0	0	-1	550
25704715	8049	603	0	-100	0	230	101300000	1000	0	0	-1	550
25717275	8049	601	0	-100	0	230	101300000	1000	0	0	-1	550
25729835	8051	605	0	-100	0	230	101300000	1000	0	0	-1	550
25742395	8049	607	0	-100	0	230	101300000	1000	0	0	-1	550
25754955	8056	603	0	-100	0	230	101300000	1000	0	0	-1	550
25767515	8046	606	0	-100	0	230	101300000	1000	0	0	-1	550
25780075	8042	605	0	-100	0	230	101300000	1000	0	0	-1	550
25792635	8053	602	0	-100	0	230	101300000	1000	0	0	-1	550
25805195	8059	603	0	-100	0	230	101300000	1000	0	0	-1	550
25817755	8044	606	0	-100	0	230	101300000	1000	0	0	-1	550
25830315	8056	607	0	-100	0	230	101300000	1000	0	0	-1	550
25842875	8049	601	0	-100	0	230	101300000	1000	0	0	-1	550
25855435	8064	605	0	-100	0	230	101300000	1000	0	0	-1	550
25867995	8051	605	0	-100	0	230	101300000	1000	0	0	-1	550
25880555	8056	604	0	-100	0	230	101300000	1000	0	0	-1	550
25893115	8059	603	0	-100	0	230	101300000	1000	0	0	-1	550
25905675	8051	600	0	-100	0	230	101300000	1000	0	0	-1	550
25918235	8047	602	0	-100	0	230	101300000	1000	0	0	-1	550
25930795	8044	601	0	-100	0	230	101300000	1000	0	0	-1	550
25943355	8047	600	0	-100	0	230	101300000	1000	0	0	-1	550
25955915	8051	604	0	-100	0	230	101300000	1000	0	0	-1	550
25968475	8044	604	0	-100	0	230	101300000	1000	0	0	-1	550
25981035	8048	608	0	-100	0	230	101300000	1000	0	0	-1	550
25993595	8050	605	0	-100	0	230	101300000	1000	0	0	-1	550
26006155	8056	604	0	-100	0	230	101300000	1000	0	0	-1	550
26018715	8054	602	0	-100	0	230	101300000	1000	0	0	-1	550
26031275	8037	604	0	-100	0	230	101300000	1000	0	0	-1	550
26043835	8049	604	0	-100	0	230	101300000	1000	0	0	-1	550
26056395	8058	605	0	-100	0	230	101300000	1000	0	0	-1	550
26068955	8051	608	0	-100	0	230	101300000	1000	0	0	-1	550
26081515	8063	606	0	-100	0	230	101300000	1000	0	0	-1	550
26094075	8051	603	0	-100	0	230	101300000	1000	0	0	-1	550
26106635	8061	607	0	-100	0	230	101300000	1000	0	0	-1	550
26119195	8042	605	0	-100	0	230	101300000	1000	0	0	-1	550
26131755	8047	605	0	-100	0	230	101300000	1000	0	0	-1	550
26144315	8049	606	0	-100	0	230	101300000	1000	0	0	-1	550
26156875	8039	607	0	-100	0	230	101300000	1000	0	0	-1	550
26169435	8042	607	0	-100	0	230	101300000	1000	0	0	-1	550
26181995	8044	604	0	-100	0	230	101300000	1000	0	0	-1	550
26194555	8044	604	0	-100	0	230	101300000	1000	0	0	-1	550
26207115	8053	606	0	-100	0	230	101300000	1000	0	0	-1	550
26219675	8039	607	0	-100	0	230	101300000	1000	0	0	-1	550
26232235	8056	604	0	-100	0	230	101300000	1000	0	0	-1	550
26244795	8042	599	0	-100	0	230	101300000	1000	0	0	-1	550
26257355	8047	602	0	-100	0	230	101300000	1000	0	0	-1	550
26269915	8042	603	0	-100	0	230	101300000	1000	0	0	-1	550
26282475	8041	605	0	-100	0	230	101300000	1000	0	0	-1	550
26295035	8056	605	0	-100	0	230	101300000	1000	0	0	-1	550
26307595	8054	604	0	-100	0	230	101300000	1000	0	0	-1	550
26320155	8051	605	0	-100	0	230	101300000	1000	0	0	-1	550
26332715	8037	603	0	-100	0	230	101300000	1000	0	0	-1	550
26345275	8051	600	0	-100	0	230	101300000	1000	0	0	-1	550
26357835	8046	605	0	-100	0	230	101300000	1000	0	0	-1	550
26370395	8044	605	0	-100	0	230	101300000	1000	0	0	-1	550
26382955	8053	605	0	-100	0	230	101300000	1000	0	0	-1	550
26395515	8046	607	0	-100	0	230	101300000	1000	0	0	-1	550
26408075	8054	599	0	-100	0	230	101300000	1000	0	0	-1	550
26420635	8046	603	0	-100	0	230	101300000	1000	0	0	-1	550
26433195	8049	608	0	-100	0	230	101300000	1000	0	0	-1	550
26445755	8047	603	0	-100	0	230	101300000	1000	0	0	-1	550
26458315	8044	603	0	-100	0	230	101300000	1000	0	0	-1	550
26470875	8046	603	0	-100	0	230	101300000	1000	0	0	-1	550
26483435	8044	606	0	-100	0	230	101300000	1000	0	0	-1	550
26495995	8053	607	0	-100	0	230	101300000	1000	0	0	-1	550
26508555	8044	606	0	-100	0	230	101300000	1000	0	0	-1	550
26521115	8046	601	0	-100	0	230	101300000	1000	0	0	-1	550
26533675	8051	605	0	-100	0	230	101300000	1000	0	0	-1	550
26546235	8044	602	0	-100	0	230	101300000	1000	0	0	-1	550
26558795	8044	609	0	-100	0	230	101300000	1000	0	0	-1	550
26571355	8051	602	0	-100	0	230	101300000	1000	0	0	-1	550
26583915	8044	601	0	-100	0	230	101300000	1000	0	0	-1	550
26596475	8051	608	0	-100	0	230	101300000	1000	0	0	-1	550
26609035	8051	602	0	-100	0	230	101300000	1000	0	0	-1	550
26621595	8053	606	0	-100	0	230	101300000	1000	0	0	-1	550
26634155	8056	604	0	-100	0	230	101300000	1000	0	0	-1	550
26646715	8041	607	0	-100	0	230	101300000	1000	0	0	-1	550
26659275	8049	601	0	-100	0	230	101300000	1000	0	0	-1	550
26671835	8046	604	0	-100	0	230	101300000	1000	0	0	-1	550
26684395	8032	602	0	-100	0	230	101300000	1000	0	0	-1	550
26696955	8047	606	0	-100	0	230	101300000	1000	0	0	-1	550
26709515	8049	607	0	-100	0	230	101300000	1000	0	0	-1	550
26722075	8051	604	0	-100	0	230	101300000	1000	0	0	-1	550
26734635	8046	606	0	-100	0	230	101300000	1000	0	0	-1	550
26747195	8042	607	0	-100	0	230	101300000	1000	0	0	-1	550
26759755	8046	604	0	-100	0	230	101300000	1000	0	0	-1	550
26772315	8047	599	0	-100	0	230	101300000	1000	0	0	-1	550
26784875	8039	608	0	-100	0	230	101300000	1000	0	0	-1	550
26797435	8051	604	0	-100	0	230	101300000	1000	0	0	-1	550
26809995	8044	603	0	-100	0	230	101300000	1000	0	0	-1	550
26822555	8044	602	0	-100	0	230	101300000	1000	0	0	-1	550
26835115	8046	603	0	-100	0	230	101300000	1000	0	0	-1	550
26847675	8037	602	0	-100	0	230	101300000	1000	0	0	-1	550
26860235	8044	606	0	-100	0	230	101300000	1000	0	0	-1	550
26872795	8044	604	0	-100	0	230	101300000	1000	0	0	-1	550
26885355	8056	606	0	-100	0	230	101300000	1000	0	0	-1	550
26897915	8060	598	0	-100	0	230	101300000	1000	0	0	-1	550
26910475	8052	602	0	-100	0	230	101300000	1000	0	0	-1	550
26923035	8046	603	0	-100	0	230	101300000	1000	0	0	-1	550
26935595	8051	595	0	-100	0	230	101300000	1000	0	0	-1	550
26948155	8037	606	0	-100	0	230	101300000	1000	0	0	-1	550
26960715	8046	603	0	-100	0	230	101300000	1000	0	0	-1	550
26973275	8051	598	0	-100	0	230	101300000	1000	0	0	-1	550
26985835	8047	602	0	-100	0	230	101300000	1000	0	0	-1	550
26998395	8053	609	0	-100	0	230	101300000	1000	0	0	-1	550
27010955	8056	604	0	-100	0	230	101300000	1000	0	0	-1	550
27023515	8049	603	0	-100	0	230	101300000	1000	0	0	-1	550
27036075	8046	605	0	-100	0	230	101300000	1000	0	0	-1	550
27048635	8046	600	0	-100	0	230	101300000	1000	0	0	-1	550
